,Unnamed: 0,Unnamed: 0.1,adm0_name,mp_price,cur_name,cm_name,um_name,mp_month,mp_year,Unnamed: 7
0,0,0,Afghanistan,0.59,USD,Bread,KG,1,2014,
1,1,1,Afghanistan,0.59,USD,Bread,KG,2,2014,
2,2,2,Afghanistan,0.59,USD,Bread,KG,3,2014,
3,3,3,Afghanistan,0.6,USD,Bread,KG,4,2014,
4,4,4,Afghanistan,0.6,USD,Bread,KG,5,2014,
5,5,5,Afghanistan,0.61,USD,Bread,KG,6,2014,
6,6,6,Afghanistan,0.61,USD,Bread,KG,7,2014,
7,7,7,Afghanistan,0.61,USD,Bread,KG,8,2014,
8,8,8,Afghanistan,0.61,USD,Bread,KG,9,2014,
9,9,9,Afghanistan,0.61,USD,Bread,KG,10,2014,
10,10,10,Afghanistan,0.61,USD,Bread,KG,11,2014,
11,11,11,Afghanistan,0.61,USD,Bread,KG,12,2014,
12,12,12,Afghanistan,0.61,USD,Bread,KG,1,2015,
13,13,13,Afghanistan,0.64,USD,Bread,KG,2,2015,
14,14,14,Afghanistan,0.64,USD,Bread,KG,3,2015,
15,15,15,Afghanistan,0.62,USD,Bread,KG,6,2015,
16,16,16,Afghanistan,0.63,USD,Bread,KG,7,2015,
17,17,17,Afghanistan,0.62,USD,Bread,KG,8,2015,
18,18,18,Afghanistan,0.62,USD,Bread,KG,9,2015,
19,19,19,Afghanistan,0.64,USD,Bread,KG,10,2015,
20,20,20,Afghanistan,0.65,USD,Bread,KG,11,2015,
21,21,21,Afghanistan,0.63,USD,Bread,KG,12,2015,
22,22,22,Afghanistan,0.63,USD,Bread,KG,1,2016,
23,23,23,Afghanistan,0.63,USD,Bread,KG,2,2016,
24,24,24,Afghanistan,0.63,USD,Bread,KG,3,2016,
25,25,25,Afghanistan,0.62,USD,Bread,KG,4,2016,
26,26,26,Afghanistan,0.62,USD,Bread,KG,5,2016,
27,27,27,Afghanistan,0.62,USD,Bread,KG,6,2016,
28,28,28,Afghanistan,0.62,USD,Bread,KG,7,2016,
29,29,29,Afghanistan,0.62,USD,Bread,KG,8,2016,
30,30,30,Afghanistan,0.62,USD,Bread,KG,9,2016,
31,31,31,Afghanistan,0.62,USD,Bread,KG,10,2016,
32,32,32,Afghanistan,0.62,USD,Bread,KG,11,2016,
33,33,33,Afghanistan,0.62,USD,Bread,KG,12,2016,
34,34,34,Afghanistan,0.62,USD,Bread,KG,1,2017,
35,35,35,Afghanistan,0.62,USD,Bread,KG,2,2017,
36,36,36,Afghanistan,0.62,USD,Bread,KG,3,2017,
37,37,37,Afghanistan,0.62,USD,Bread,KG,4,2017,
38,38,38,Afghanistan,0.62,USD,Bread,KG,5,2017,
39,39,39,Afghanistan,0.62,USD,Bread,KG,6,2017,
40,40,40,Afghanistan,0.62,USD,Bread,KG,7,2017,
41,41,41,Afghanistan,0.62,USD,Bread,KG,8,2017,
42,42,42,Afghanistan,0.62,USD,Bread,KG,9,2017,
43,43,43,Afghanistan,0.62,USD,Bread,KG,10,2017,
44,44,44,Algeria,0.14,USD,Bread,KG,4,2015,
45,45,45,Algeria,0.14,USD,Bread,KG,5,2015,
46,46,46,Algeria,0.14,USD,Bread,KG,6,2015,
47,47,47,Algeria,0.14,USD,Bread,KG,7,2015,
48,48,48,Algeria,0.14,USD,Bread,KG,8,2015,
49,49,49,Algeria,0.14,USD,Bread,KG,9,2015,
50,50,50,Algeria,0.14,USD,Bread,KG,10,2015,
51,51,51,Algeria,0.14,USD,Bread,KG,11,2015,
52,52,52,Algeria,0.14,USD,Bread,KG,12,2015,
53,53,53,Algeria,0.14,USD,Bread,KG,1,2016,
54,54,54,Algeria,0.14,USD,Bread,KG,2,2016,
55,55,55,Algeria,0.14,USD,Bread,KG,3,2016,
56,56,56,Algeria,0.14,USD,Bread,KG,7,2016,
57,57,57,Algeria,0.14,USD,Bread,KG,8,2016,
58,58,58,Algeria,0.14,USD,Bread,KG,9,2016,
59,59,59,Algeria,0.14,USD,Bread,KG,10,2016,
60,60,101,Armenia,0.86,USD,Bread (high grade flour),KG,4,2012,
61,61,162,Armenia,0.78,USD,Bread (first grade flour),KG,4,2012,
62,62,102,Armenia,0.87,USD,Bread (high grade flour),KG,5,2012,
63,63,163,Armenia,0.8,USD,Bread (first grade flour),KG,5,2012,
64,64,103,Armenia,0.87,USD,Bread (high grade flour),KG,6,2012,
65,65,164,Armenia,0.79,USD,Bread (first grade flour),KG,6,2012,
66,66,165,Armenia,0.8,USD,Bread (first grade flour),KG,7,2012,
67,67,104,Armenia,0.88,USD,Bread (high grade flour),KG,7,2012,
68,68,166,Armenia,0.81,USD,Bread (first grade flour),KG,8,2012,
69,69,105,Armenia,0.88,USD,Bread (high grade flour),KG,8,2012,
70,70,167,Armenia,0.86,USD,Bread (first grade flour),KG,9,2012,
71,71,106,Armenia,0.92,USD,Bread (high grade flour),KG,9,2012,
72,72,107,Armenia,0.94,USD,Bread (high grade flour),KG,10,2012,
73,73,168,Armenia,0.86,USD,Bread (first grade flour),KG,10,2012,
74,74,169,Armenia,0.85,USD,Bread (first grade flour),KG,11,2012,
75,75,108,Armenia,0.94,USD,Bread (high grade flour),KG,11,2012,
76,76,170,Armenia,0.85,USD,Bread (first grade flour),KG,12,2012,
77,77,109,Armenia,0.94,USD,Bread (high grade flour),KG,12,2012,
78,78,171,Armenia,0.85,USD,Bread (first grade flour),KG,1,2013,
79,79,110,Armenia,0.94,USD,Bread (high grade flour),KG,1,2013,
80,80,111,Armenia,0.94,USD,Bread (high grade flour),KG,2,2013,
81,81,172,Armenia,0.86,USD,Bread (first grade flour),KG,2,2013,
82,82,112,Armenia,0.94,USD,Bread (high grade flour),KG,3,2013,
83,83,173,Armenia,0.86,USD,Bread (first grade flour),KG,3,2013,
84,84,113,Armenia,0.93,USD,Bread (high grade flour),KG,4,2013,
85,85,174,Armenia,0.85,USD,Bread (first grade flour),KG,4,2013,
86,86,175,Armenia,0.85,USD,Bread (first grade flour),KG,5,2013,
87,87,114,Armenia,0.94,USD,Bread (high grade flour),KG,5,2013,
88,88,115,Armenia,0.97,USD,Bread (high grade flour),KG,6,2013,
89,89,176,Armenia,0.89,USD,Bread (first grade flour),KG,6,2013,
90,90,177,Armenia,0.89,USD,Bread (first grade flour),KG,7,2013,
91,91,116,Armenia,0.97,USD,Bread (high grade flour),KG,7,2013,
92,92,117,Armenia,0.97,USD,Bread (high grade flour),KG,8,2013,
93,93,178,Armenia,0.89,USD,Bread (first grade flour),KG,8,2013,
94,94,118,Armenia,0.96,USD,Bread (high grade flour),KG,9,2013,
95,95,179,Armenia,0.88,USD,Bread (first grade flour),KG,9,2013,
96,96,180,Armenia,0.89,USD,Bread (first grade flour),KG,10,2013,
97,97,119,Armenia,0.97,USD,Bread (high grade flour),KG,10,2013,
98,98,120,Armenia,0.97,USD,Bread (high grade flour),KG,12,2013,
99,99,181,Armenia,0.89,USD,Bread (first grade flour),KG,12,2013,
100,100,60,Armenia,0.99,USD,Bread (high grade flour),KG,3,2014,
101,101,121,Armenia,0.91,USD,Bread (first grade flour),KG,3,2014,
102,102,61,Armenia,0.99,USD,Bread (high grade flour),KG,4,2014,
103,103,122,Armenia,0.89,USD,Bread (first grade flour),KG,4,2014,
104,104,123,Armenia,0.9,USD,Bread (first grade flour),KG,5,2014,
105,105,62,Armenia,0.99,USD,Bread (high grade flour),KG,5,2014,
106,106,124,Armenia,0.9,USD,Bread (first grade flour),KG,6,2014,
107,107,63,Armenia,0.99,USD,Bread (high grade flour),KG,6,2014,
108,108,64,Armenia,0.99,USD,Bread (high grade flour),KG,7,2014,
109,109,125,Armenia,0.9,USD,Bread (first grade flour),KG,7,2014,
110,110,126,Armenia,0.89,USD,Bread (first grade flour),KG,8,2014,
111,111,65,Armenia,0.98,USD,Bread (high grade flour),KG,8,2014,
112,112,127,Armenia,0.89,USD,Bread (first grade flour),KG,9,2014,
113,113,66,Armenia,0.98,USD,Bread (high grade flour),KG,9,2014,
114,114,128,Armenia,0.89,USD,Bread (first grade flour),KG,10,2014,
115,115,67,Armenia,0.98,USD,Bread (high grade flour),KG,10,2014,
116,116,129,Armenia,0.9,USD,Bread (first grade flour),KG,11,2014,
117,117,68,Armenia,0.99,USD,Bread (high grade flour),KG,11,2014,
118,118,130,Armenia,0.91,USD,Bread (first grade flour),KG,12,2014,
119,119,69,Armenia,1.0,USD,Bread (high grade flour),KG,12,2014,
120,120,131,Armenia,0.94,USD,Bread (first grade flour),KG,1,2015,
121,121,70,Armenia,1.01,USD,Bread (high grade flour),KG,1,2015,
122,122,71,Armenia,1.08,USD,Bread (high grade flour),KG,2,2015,
123,123,132,Armenia,0.98,USD,Bread (first grade flour),KG,2,2015,
124,124,72,Armenia,1.07,USD,Bread (high grade flour),KG,3,2015,
125,125,133,Armenia,0.98,USD,Bread (first grade flour),KG,3,2015,
126,126,73,Armenia,1.14,USD,Bread (high grade flour),KG,4,2015,
127,127,134,Armenia,0.98,USD,Bread (first grade flour),KG,4,2015,
128,128,74,Armenia,1.04,USD,Bread (high grade flour),KG,5,2015,
129,129,135,Armenia,0.95,USD,Bread (first grade flour),KG,5,2015,
130,130,136,Armenia,0.98,USD,Bread (first grade flour),KG,6,2015,
131,131,75,Armenia,1.14,USD,Bread (high grade flour),KG,6,2015,
132,132,137,Armenia,0.96,USD,Bread (first grade flour),KG,7,2015,
133,133,76,Armenia,1.05,USD,Bread (high grade flour),KG,7,2015,
134,134,77,Armenia,1.04,USD,Bread (high grade flour),KG,8,2015,
135,135,138,Armenia,0.95,USD,Bread (first grade flour),KG,8,2015,
136,136,78,Armenia,1.03,USD,Bread (high grade flour),KG,9,2015,
137,137,139,Armenia,0.95,USD,Bread (first grade flour),KG,9,2015,
138,138,140,Armenia,0.96,USD,Bread (first grade flour),KG,10,2015,
139,139,79,Armenia,1.06,USD,Bread (high grade flour),KG,10,2015,
140,140,80,Armenia,1.01,USD,Bread (high grade flour),KG,11,2015,
141,141,141,Armenia,0.95,USD,Bread (first grade flour),KG,11,2015,
142,142,142,Armenia,0.94,USD,Bread (first grade flour),KG,12,2015,
143,143,81,Armenia,1.01,USD,Bread (high grade flour),KG,12,2015,
144,144,82,Armenia,1.03,USD,Bread (high grade flour),KG,1,2016,
145,145,143,Armenia,0.95,USD,Bread (first grade flour),KG,1,2016,
146,146,83,Armenia,1.01,USD,Bread (high grade flour),KG,2,2016,
147,147,144,Armenia,0.94,USD,Bread (first grade flour),KG,2,2016,
148,148,84,Armenia,1.01,USD,Bread (high grade flour),KG,3,2016,
149,149,145,Armenia,0.94,USD,Bread (first grade flour),KG,3,2016,
150,150,85,Armenia,1.01,USD,Bread (high grade flour),KG,4,2016,
151,151,146,Armenia,0.94,USD,Bread (first grade flour),KG,4,2016,
152,152,147,Armenia,0.94,USD,Bread (first grade flour),KG,5,2016,
153,153,86,Armenia,1.01,USD,Bread (high grade flour),KG,5,2016,
154,154,87,Armenia,1.02,USD,Bread (high grade flour),KG,6,2016,
155,155,148,Armenia,0.94,USD,Bread (first grade flour),KG,6,2016,
156,156,149,Armenia,0.94,USD,Bread (first grade flour),KG,7,2016,
157,157,88,Armenia,1.01,USD,Bread (high grade flour),KG,7,2016,
158,158,89,Armenia,1.01,USD,Bread (high grade flour),KG,9,2016,
159,159,150,Armenia,0.92,USD,Bread (first grade flour),KG,9,2016,
160,160,90,Armenia,0.99,USD,Bread (high grade flour),KG,10,2016,
161,161,151,Armenia,0.91,USD,Bread (first grade flour),KG,10,2016,
162,162,91,Armenia,1.0,USD,Bread (high grade flour),KG,11,2016,
163,163,152,Armenia,0.88,USD,Bread (first grade flour),KG,11,2016,
164,164,153,Armenia,0.92,USD,Bread (first grade flour),KG,12,2016,
165,165,92,Armenia,1.02,USD,Bread (high grade flour),KG,12,2016,
166,166,93,Armenia,0.89,USD,Bread (high grade flour),KG,1,2017,
167,167,154,Armenia,0.84,USD,Bread (first grade flour),KG,1,2017,
168,168,94,Armenia,0.86,USD,Bread (high grade flour),KG,2,2017,
169,169,155,Armenia,0.85,USD,Bread (first grade flour),KG,2,2017,
170,170,95,Armenia,0.88,USD,Bread (high grade flour),KG,3,2017,
171,171,156,Armenia,0.83,USD,Bread (first grade flour),KG,3,2017,
172,172,96,Armenia,0.86,USD,Bread (high grade flour),KG,4,2017,
173,173,157,Armenia,0.85,USD,Bread (first grade flour),KG,4,2017,
174,174,97,Armenia,0.86,USD,Bread (high grade flour),KG,5,2017,
175,175,158,Armenia,0.83,USD,Bread (first grade flour),KG,5,2017,
176,176,98,Armenia,0.89,USD,Bread (high grade flour),KG,7,2017,
177,177,159,Armenia,0.82,USD,Bread (first grade flour),KG,7,2017,
178,178,160,Armenia,0.83,USD,Bread (first grade flour),KG,9,2017,
179,179,99,Armenia,0.88,USD,Bread (high grade flour),KG,9,2017,
180,180,161,Armenia,0.82,USD,Bread (first grade flour),KG,10,2017,
181,181,100,Armenia,0.88,USD,Bread (high grade flour),KG,10,2017,
182,182,216,Bolivia,0.1,USD,Bread (wheat),KG,1,2010,
183,183,217,Bolivia,0.11,USD,Bread (wheat),KG,2,2010,
184,184,218,Bolivia,0.11,USD,Bread (wheat),KG,3,2010,
185,185,219,Bolivia,0.11,USD,Bread (wheat),KG,4,2010,
186,186,220,Bolivia,0.11,USD,Bread (wheat),KG,5,2010,
187,187,221,Bolivia,0.11,USD,Bread (wheat),KG,6,2010,
188,188,222,Bolivia,0.11,USD,Bread (wheat),KG,7,2010,
189,189,223,Bolivia,0.11,USD,Bread (wheat),KG,8,2010,
190,190,224,Bolivia,0.11,USD,Bread (wheat),KG,9,2010,
191,191,225,Bolivia,0.11,USD,Bread (wheat),KG,10,2010,
192,192,226,Bolivia,0.11,USD,Bread (wheat),KG,11,2010,
193,193,227,Bolivia,0.11,USD,Bread (wheat),KG,12,2010,
194,194,228,Bolivia,0.11,USD,Bread (wheat),KG,1,2011,
195,195,229,Bolivia,0.11,USD,Bread (wheat),KG,2,2011,
196,196,230,Bolivia,0.11,USD,Bread (wheat),KG,3,2011,
197,197,231,Bolivia,0.11,USD,Bread (wheat),KG,4,2011,
198,198,232,Bolivia,0.11,USD,Bread (wheat),KG,5,2011,
199,199,233,Bolivia,0.12,USD,Bread (wheat),KG,6,2011,
200,200,234,Bolivia,0.12,USD,Bread (wheat),KG,7,2011,
201,201,235,Bolivia,0.12,USD,Bread (wheat),KG,8,2011,
202,202,236,Bolivia,0.12,USD,Bread (wheat),KG,9,2011,
203,203,237,Bolivia,0.12,USD,Bread (wheat),KG,10,2011,
204,204,238,Bolivia,0.12,USD,Bread (wheat),KG,11,2011,
205,205,239,Bolivia,0.12,USD,Bread (wheat),KG,12,2011,
206,206,211,Bolivia,0.12,USD,Bread (wheat),KG,1,2012,
207,207,212,Bolivia,0.12,USD,Bread (wheat),KG,2,2012,
208,208,213,Bolivia,0.12,USD,Bread (wheat),KG,3,2012,
209,209,214,Bolivia,0.12,USD,Bread (wheat),KG,4,2012,
210,210,215,Bolivia,0.12,USD,Bread (wheat),KG,5,2012,
211,211,182,Bolivia,0.11,USD,Bread (wheat),KG,4,2015,
212,212,183,Bolivia,0.11,USD,Bread (wheat),KG,5,2015,
213,213,184,Bolivia,0.11,USD,Bread (wheat),KG,6,2015,
214,214,185,Bolivia,0.11,USD,Bread (wheat),KG,7,2015,
215,215,186,Bolivia,0.11,USD,Bread (wheat),KG,8,2015,
216,216,187,Bolivia,0.11,USD,Bread (wheat),KG,9,2015,
217,217,188,Bolivia,0.11,USD,Bread (wheat),KG,10,2015,
218,218,189,Bolivia,0.11,USD,Bread (wheat),KG,11,2015,
219,219,190,Bolivia,0.11,USD,Bread (wheat),KG,12,2015,
220,220,191,Bolivia,0.11,USD,Bread (wheat),KG,1,2016,
221,221,192,Bolivia,0.11,USD,Bread (wheat),KG,2,2016,
222,222,193,Bolivia,0.11,USD,Bread (wheat),KG,3,2016,
223,223,194,Bolivia,0.11,USD,Bread (wheat),KG,4,2016,
224,224,195,Bolivia,0.11,USD,Bread (wheat),KG,5,2016,
225,225,196,Bolivia,0.11,USD,Bread (wheat),KG,6,2016,
226,226,197,Bolivia,0.11,USD,Bread (wheat),KG,7,2016,
227,227,198,Bolivia,0.11,USD,Bread (wheat),KG,8,2016,
228,228,199,Bolivia,0.11,USD,Bread (wheat),KG,9,2016,
229,229,200,Bolivia,0.11,USD,Bread (wheat),KG,10,2016,
230,230,201,Bolivia,0.11,USD,Bread (wheat),KG,12,2016,
231,231,202,Bolivia,0.11,USD,Bread (wheat),KG,1,2017,
232,232,203,Bolivia,0.11,USD,Bread (wheat),KG,2,2017,
233,233,204,Bolivia,0.11,USD,Bread (wheat),KG,3,2017,
234,234,205,Bolivia,0.11,USD,Bread (wheat),KG,4,2017,
235,235,206,Bolivia,0.11,USD,Bread (wheat),KG,5,2017,
236,236,207,Bolivia,0.11,USD,Bread (wheat),KG,7,2017,
237,237,208,Bolivia,0.11,USD,Bread (wheat),KG,8,2017,
238,238,209,Bolivia,0.11,USD,Bread (wheat),KG,9,2017,
239,239,210,Bolivia,0.11,USD,Bread (wheat),KG,10,2017,
240,240,240,Congo,1.64,USD,Bread,KG,4,2015,
241,241,241,Congo,1.58,USD,Bread,KG,5,2015,
242,242,242,Congo,1.64,USD,Bread,KG,6,2015,
243,243,243,Congo,1.59,USD,Bread,KG,7,2015,
244,244,244,Congo,1.62,USD,Bread,KG,8,2015,
245,245,245,Congo,1.63,USD,Bread,KG,9,2015,
246,246,246,Congo,1.54,USD,Bread,KG,10,2015,
247,247,247,Congo,1.59,USD,Bread,KG,11,2015,
248,248,248,Congo,1.53,USD,Bread,KG,12,2015,
249,249,249,Congo,1.69,USD,Bread,KG,1,2016,
250,250,250,Congo,1.71,USD,Bread,KG,2,2016,
251,251,251,Congo,1.79,USD,Bread,KG,3,2016,
252,252,252,Congo,1.76,USD,Bread,KG,4,2016,
253,253,253,Congo,1.87,USD,Bread,KG,5,2016,
254,254,254,Congo,2.14,USD,Bread,KG,6,2016,
255,255,255,Congo,2.01,USD,Bread,KG,7,2016,
256,256,256,Congo,2.13,USD,Bread,KG,8,2016,
257,257,257,Congo,1.84,USD,Bread,KG,9,2016,
258,258,258,Congo,1.96,USD,Bread,KG,10,2016,
259,259,259,Congo,2.11,USD,Bread,KG,11,2016,
260,260,260,Congo,1.89,USD,Bread,KG,12,2016,
261,261,261,Congo,1.87,USD,Bread,KG,1,2017,
262,262,262,Congo,1.71,USD,Bread,KG,2,2017,
263,263,263,Congo,1.72,USD,Bread,KG,3,2017,
264,264,264,Congo,1.78,USD,Bread,KG,4,2017,
265,265,265,Congo,1.81,USD,Bread,KG,5,2017,
266,266,266,Congo,1.81,USD,Bread,KG,6,2017,
267,267,267,Congo,1.79,USD,Bread,KG,7,2017,
268,268,268,Congo,1.84,USD,Bread,KG,8,2017,
269,269,269,Congo,1.84,USD,Bread,KG,9,2017,
270,270,309,Djibouti,0.28,USD,Bread,KG,4,2012,
271,271,310,Djibouti,0.28,USD,Bread,KG,5,2012,
272,272,311,Djibouti,0.28,USD,Bread,KG,6,2012,
273,273,312,Djibouti,0.28,USD,Bread,KG,7,2012,
274,274,313,Djibouti,0.28,USD,Bread,KG,8,2012,
275,275,314,Djibouti,0.28,USD,Bread,KG,9,2012,
276,276,315,Djibouti,0.28,USD,Bread,KG,10,2012,
277,277,316,Djibouti,0.28,USD,Bread,KG,11,2012,
278,278,317,Djibouti,0.28,USD,Bread,KG,12,2012,
279,279,318,Djibouti,0.28,USD,Bread,KG,1,2013,
280,280,319,Djibouti,0.28,USD,Bread,KG,2,2013,
281,281,320,Djibouti,0.28,USD,Bread,KG,3,2013,
282,282,321,Djibouti,0.28,USD,Bread,KG,4,2013,
283,283,322,Djibouti,0.28,USD,Bread,KG,5,2013,
284,284,323,Djibouti,0.28,USD,Bread,KG,6,2013,
285,285,324,Djibouti,0.28,USD,Bread,KG,7,2013,
286,286,325,Djibouti,0.28,USD,Bread,KG,8,2013,
287,287,326,Djibouti,0.28,USD,Bread,KG,9,2013,
288,288,327,Djibouti,0.28,USD,Bread,KG,10,2013,
289,289,328,Djibouti,0.28,USD,Bread,KG,11,2013,
290,290,329,Djibouti,0.28,USD,Bread,KG,12,2013,
291,291,270,Djibouti,0.29,USD,Bread,KG,1,2014,
292,292,271,Djibouti,0.28,USD,Bread,KG,2,2014,
293,293,272,Djibouti,0.28,USD,Bread,KG,3,2014,
294,294,273,Djibouti,0.28,USD,Bread,KG,4,2014,
295,295,274,Djibouti,0.28,USD,Bread,KG,5,2014,
296,296,275,Djibouti,0.28,USD,Bread,KG,6,2014,
297,297,276,Djibouti,0.28,USD,Bread,KG,7,2014,
298,298,277,Djibouti,0.28,USD,Bread,KG,8,2014,
299,299,278,Djibouti,0.28,USD,Bread,KG,9,2014,
300,300,279,Djibouti,0.28,USD,Bread,KG,10,2014,
301,301,280,Djibouti,0.28,USD,Bread,KG,11,2014,
302,302,281,Djibouti,0.28,USD,Bread,KG,12,2014,
303,303,282,Djibouti,0.27,USD,Bread,KG,1,2015,
304,304,283,Djibouti,0.28,USD,Bread,KG,2,2015,
305,305,284,Djibouti,0.28,USD,Bread,KG,3,2015,
306,306,285,Djibouti,0.28,USD,Bread,KG,4,2015,
307,307,286,Djibouti,0.28,USD,Bread,KG,5,2015,
308,308,287,Djibouti,0.28,USD,Bread,KG,6,2015,
309,309,288,Djibouti,0.27,USD,Bread,KG,10,2015,
310,310,289,Djibouti,0.27,USD,Bread,KG,11,2015,
311,311,290,Djibouti,0.27,USD,Bread,KG,12,2015,
312,312,291,Djibouti,0.27,USD,Bread,KG,1,2016,
313,313,292,Djibouti,0.27,USD,Bread,KG,2,2016,
314,314,293,Djibouti,0.27,USD,Bread,KG,3,2016,
315,315,294,Djibouti,0.27,USD,Bread,KG,5,2016,
316,316,295,Djibouti,0.27,USD,Bread,KG,6,2016,
317,317,296,Djibouti,0.27,USD,Bread,KG,7,2016,
318,318,297,Djibouti,0.27,USD,Bread,KG,8,2016,
319,319,298,Djibouti,0.26,USD,Bread,KG,9,2016,
320,320,299,Djibouti,0.26,USD,Bread,KG,12,2016,
321,321,300,Djibouti,0.27,USD,Bread,KG,1,2017,
322,322,301,Djibouti,0.28,USD,Bread,KG,2,2017,
323,323,302,Djibouti,0.28,USD,Bread,KG,3,2017,
324,324,303,Djibouti,0.26,USD,Bread,KG,4,2017,
325,325,304,Djibouti,0.28,USD,Bread,KG,5,2017,
326,326,305,Djibouti,0.28,USD,Bread,KG,6,2017,
327,327,306,Djibouti,0.28,USD,Bread,KG,7,2017,
328,328,307,Djibouti,0.27,USD,Bread,KG,8,2017,
329,329,308,Djibouti,0.27,USD,Bread,KG,9,2017,
330,330,360,Gambia,0.6,USD,Bread,KG,5,2013,
331,331,361,Gambia,0.59,USD,Bread,KG,6,2013,
332,332,362,Gambia,0.59,USD,Bread,KG,7,2013,
333,333,363,Gambia,0.6,USD,Bread,KG,8,2013,
334,334,364,Gambia,0.62,USD,Bread,KG,9,2013,
335,335,365,Gambia,0.61,USD,Bread,KG,10,2013,
336,336,366,Gambia,0.62,USD,Bread,KG,11,2013,
337,337,367,Gambia,0.62,USD,Bread,KG,12,2013,
338,338,330,Gambia,0.62,USD,Bread,KG,1,2014,
339,339,331,Gambia,0.62,USD,Bread,KG,2,2014,
340,340,332,Gambia,0.62,USD,Bread,KG,3,2014,
341,341,333,Gambia,0.61,USD,Bread,KG,4,2014,
342,342,334,Gambia,0.62,USD,Bread,KG,5,2014,
343,343,335,Gambia,0.62,USD,Bread,KG,6,2014,
344,344,336,Gambia,0.61,USD,Bread,KG,7,2014,
345,345,337,Gambia,0.61,USD,Bread,KG,8,2014,
346,346,338,Gambia,0.64,USD,Bread,KG,10,2015,
347,347,339,Gambia,0.64,USD,Bread,KG,11,2015,
348,348,340,Gambia,0.67,USD,Bread,KG,1,2016,
349,349,341,Gambia,0.65,USD,Bread,KG,3,2016,
350,350,342,Gambia,0.69,USD,Bread,KG,4,2016,
351,351,343,Gambia,0.69,USD,Bread,KG,5,2016,
352,352,344,Gambia,0.71,USD,Bread,KG,6,2016,
353,353,345,Gambia,0.62,USD,Bread,KG,7,2016,
354,354,346,Gambia,0.71,USD,Bread,KG,8,2016,
355,355,347,Gambia,0.71,USD,Bread,KG,9,2016,
356,356,348,Gambia,0.71,USD,Bread,KG,10,2016,
357,357,349,Gambia,0.7,USD,Bread,KG,11,2016,
358,358,350,Gambia,0.7,USD,Bread,KG,12,2016,
359,359,351,Gambia,1.0,USD,Bread,KG,1,2017,
360,360,352,Gambia,0.69,USD,Bread,KG,2,2017,
361,361,353,Gambia,0.67,USD,Bread,KG,3,2017,
362,362,354,Gambia,0.7,USD,Bread,KG,4,2017,
363,363,355,Gambia,0.71,USD,Bread,KG,5,2017,
364,364,356,Gambia,0.7,USD,Bread,KG,6,2017,
365,365,357,Gambia,0.71,USD,Bread,KG,7,2017,
366,366,358,Gambia,0.71,USD,Bread,KG,8,2017,
367,367,359,Gambia,0.74,USD,Bread,KG,9,2017,
368,368,440,Guatemala,1.01,USD,Bread,KG,1,2001,
369,369,441,Guatemala,1.08,USD,Bread,KG,2,2001,
370,370,442,Guatemala,1.13,USD,Bread,KG,3,2001,
371,371,443,Guatemala,1.09,USD,Bread,KG,4,2001,
372,372,444,Guatemala,1.16,USD,Bread,KG,5,2001,
373,373,445,Guatemala,1.18,USD,Bread,KG,6,2001,
374,374,446,Guatemala,1.17,USD,Bread,KG,7,2001,
375,375,447,Guatemala,1.19,USD,Bread,KG,8,2001,
376,376,448,Guatemala,1.23,USD,Bread,KG,9,2001,
377,377,449,Guatemala,1.19,USD,Bread,KG,10,2001,
378,378,450,Guatemala,1.27,USD,Bread,KG,11,2001,
379,379,451,Guatemala,1.21,USD,Bread,KG,12,2001,
380,380,452,Guatemala,1.29,USD,Bread,KG,1,2002,
381,381,453,Guatemala,1.27,USD,Bread,KG,2,2002,
382,382,454,Guatemala,1.28,USD,Bread,KG,3,2002,
383,383,455,Guatemala,1.31,USD,Bread,KG,4,2002,
384,384,456,Guatemala,1.21,USD,Bread,KG,5,2002,
385,385,457,Guatemala,1.24,USD,Bread,KG,6,2002,
386,386,458,Guatemala,1.28,USD,Bread,KG,7,2002,
387,387,459,Guatemala,1.26,USD,Bread,KG,8,2002,
388,388,460,Guatemala,1.3,USD,Bread,KG,9,2002,
389,389,461,Guatemala,1.33,USD,Bread,KG,10,2002,
390,390,462,Guatemala,1.44,USD,Bread,KG,11,2002,
391,391,463,Guatemala,1.46,USD,Bread,KG,12,2002,
392,392,464,Guatemala,1.44,USD,Bread,KG,1,2003,
393,393,465,Guatemala,1.46,USD,Bread,KG,2,2003,
394,394,466,Guatemala,1.51,USD,Bread,KG,3,2003,
395,395,467,Guatemala,1.53,USD,Bread,KG,4,2003,
396,396,468,Guatemala,1.48,USD,Bread,KG,5,2003,
397,397,469,Guatemala,1.45,USD,Bread,KG,6,2003,
398,398,470,Guatemala,1.41,USD,Bread,KG,7,2003,
399,399,471,Guatemala,1.42,USD,Bread,KG,8,2003,
400,400,472,Guatemala,1.38,USD,Bread,KG,9,2003,
401,401,473,Guatemala,1.45,USD,Bread,KG,10,2003,
402,402,474,Guatemala,1.39,USD,Bread,KG,11,2003,
403,403,475,Guatemala,1.33,USD,Bread,KG,12,2003,
404,404,476,Guatemala,1.33,USD,Bread,KG,1,2004,
405,405,477,Guatemala,1.39,USD,Bread,KG,2,2004,
406,406,478,Guatemala,1.42,USD,Bread,KG,3,2004,
407,407,479,Guatemala,1.41,USD,Bread,KG,4,2004,
408,408,480,Guatemala,1.41,USD,Bread,KG,5,2004,
409,409,481,Guatemala,1.42,USD,Bread,KG,6,2004,
410,410,482,Guatemala,1.42,USD,Bread,KG,7,2004,
411,411,483,Guatemala,1.44,USD,Bread,KG,8,2004,
412,412,484,Guatemala,1.45,USD,Bread,KG,9,2004,
413,413,485,Guatemala,1.45,USD,Bread,KG,10,2004,
414,414,486,Guatemala,1.41,USD,Bread,KG,11,2004,
415,415,487,Guatemala,1.41,USD,Bread,KG,12,2004,
416,416,488,Guatemala,1.41,USD,Bread,KG,1,2005,
417,417,489,Guatemala,1.46,USD,Bread,KG,2,2005,
418,418,490,Guatemala,1.43,USD,Bread,KG,3,2005,
419,419,491,Guatemala,1.41,USD,Bread,KG,4,2005,
420,420,492,Guatemala,1.42,USD,Bread,KG,5,2005,
421,421,493,Guatemala,1.39,USD,Bread,KG,6,2005,
422,422,494,Guatemala,1.41,USD,Bread,KG,7,2005,
423,423,495,Guatemala,1.39,USD,Bread,KG,8,2005,
424,424,496,Guatemala,1.37,USD,Bread,KG,9,2005,
425,425,497,Guatemala,1.42,USD,Bread,KG,10,2005,
426,426,498,Guatemala,1.39,USD,Bread,KG,11,2005,
427,427,499,Guatemala,1.4,USD,Bread,KG,12,2005,
428,428,500,Guatemala,1.47,USD,Bread,KG,1,2006,
429,429,501,Guatemala,1.41,USD,Bread,KG,2,2006,
430,430,502,Guatemala,1.48,USD,Bread,KG,3,2006,
431,431,503,Guatemala,1.48,USD,Bread,KG,4,2006,
432,432,504,Guatemala,1.5,USD,Bread,KG,5,2006,
433,433,505,Guatemala,1.45,USD,Bread,KG,6,2006,
434,434,506,Guatemala,1.47,USD,Bread,KG,7,2006,
435,435,507,Guatemala,1.49,USD,Bread,KG,8,2006,
436,436,508,Guatemala,1.47,USD,Bread,KG,9,2006,
437,437,509,Guatemala,1.5,USD,Bread,KG,10,2006,
438,438,510,Guatemala,1.51,USD,Bread,KG,11,2006,
439,439,511,Guatemala,1.56,USD,Bread,KG,12,2006,
440,440,512,Guatemala,1.61,USD,Bread,KG,1,2007,
441,441,513,Guatemala,1.64,USD,Bread,KG,2,2007,
442,442,514,Guatemala,1.63,USD,Bread,KG,3,2007,
443,443,515,Guatemala,1.54,USD,Bread,KG,4,2007,
444,444,516,Guatemala,1.64,USD,Bread,KG,5,2007,
445,445,517,Guatemala,1.63,USD,Bread,KG,6,2007,
446,446,518,Guatemala,1.7,USD,Bread,KG,7,2007,
447,447,519,Guatemala,1.8,USD,Bread,KG,8,2007,
448,448,520,Guatemala,1.81,USD,Bread,KG,9,2007,
449,449,521,Guatemala,1.91,USD,Bread,KG,10,2007,
450,450,522,Guatemala,2.02,USD,Bread,KG,11,2007,
451,451,523,Guatemala,2.05,USD,Bread,KG,12,2007,
452,452,524,Guatemala,2.07,USD,Bread,KG,1,2008,
453,453,525,Guatemala,2.15,USD,Bread,KG,2,2008,
454,454,526,Guatemala,2.29,USD,Bread,KG,3,2008,
455,455,527,Guatemala,2.38,USD,Bread,KG,4,2008,
456,456,528,Guatemala,2.4,USD,Bread,KG,5,2008,
457,457,529,Guatemala,2.45,USD,Bread,KG,6,2008,
458,458,530,Guatemala,2.39,USD,Bread,KG,7,2008,
459,459,531,Guatemala,2.39,USD,Bread,KG,8,2008,
460,460,532,Guatemala,2.32,USD,Bread,KG,9,2008,
461,461,533,Guatemala,2.35,USD,Bread,KG,10,2008,
462,462,534,Guatemala,2.33,USD,Bread,KG,11,2008,
463,463,535,Guatemala,2.32,USD,Bread,KG,12,2008,
464,464,536,Guatemala,2.36,USD,Bread,KG,1,2009,
465,465,537,Guatemala,2.32,USD,Bread,KG,2,2009,
466,466,538,Guatemala,2.31,USD,Bread,KG,3,2009,
467,467,539,Guatemala,2.29,USD,Bread,KG,4,2009,
468,468,540,Guatemala,2.27,USD,Bread,KG,5,2009,
469,469,541,Guatemala,2.32,USD,Bread,KG,6,2009,
470,470,542,Guatemala,2.31,USD,Bread,KG,7,2009,
471,471,543,Guatemala,2.31,USD,Bread,KG,8,2009,
472,472,544,Guatemala,2.31,USD,Bread,KG,9,2009,
473,473,545,Guatemala,2.32,USD,Bread,KG,10,2009,
474,474,546,Guatemala,2.29,USD,Bread,KG,11,2009,
475,475,547,Guatemala,2.27,USD,Bread,KG,12,2009,
476,476,416,Guatemala,2.29,USD,Bread,KG,1,2010,
477,477,417,Guatemala,2.32,USD,Bread,KG,2,2010,
478,478,418,Guatemala,2.35,USD,Bread,KG,3,2010,
479,479,419,Guatemala,2.35,USD,Bread,KG,4,2010,
480,480,420,Guatemala,2.33,USD,Bread,KG,5,2010,
481,481,421,Guatemala,2.33,USD,Bread,KG,6,2010,
482,482,422,Guatemala,2.33,USD,Bread,KG,7,2010,
483,483,423,Guatemala,2.33,USD,Bread,KG,8,2010,
484,484,424,Guatemala,2.36,USD,Bread,KG,9,2010,
485,485,425,Guatemala,2.38,USD,Bread,KG,10,2010,
486,486,426,Guatemala,2.39,USD,Bread,KG,11,2010,
487,487,427,Guatemala,2.41,USD,Bread,KG,12,2010,
488,488,428,Guatemala,2.48,USD,Bread,KG,1,2011,
489,489,429,Guatemala,2.55,USD,Bread,KG,2,2011,
490,490,430,Guatemala,2.63,USD,Bread,KG,3,2011,
491,491,431,Guatemala,2.65,USD,Bread,KG,4,2011,
492,492,432,Guatemala,2.71,USD,Bread,KG,5,2011,
493,493,433,Guatemala,2.69,USD,Bread,KG,6,2011,
494,494,434,Guatemala,2.71,USD,Bread,KG,7,2011,
495,495,435,Guatemala,2.7,USD,Bread,KG,8,2011,
496,496,436,Guatemala,2.75,USD,Bread,KG,9,2011,
497,497,437,Guatemala,2.75,USD,Bread,KG,10,2011,
498,498,438,Guatemala,2.81,USD,Bread,KG,11,2011,
499,499,439,Guatemala,2.79,USD,Bread,KG,12,2011,
500,500,392,Guatemala,2.79,USD,Bread,KG,1,2012,
501,501,393,Guatemala,2.86,USD,Bread,KG,2,2012,
502,502,394,Guatemala,2.86,USD,Bread,KG,3,2012,
503,503,395,Guatemala,2.89,USD,Bread,KG,4,2012,
504,504,396,Guatemala,2.91,USD,Bread,KG,5,2012,
505,505,397,Guatemala,2.88,USD,Bread,KG,6,2012,
506,506,398,Guatemala,2.9,USD,Bread,KG,7,2012,
507,507,399,Guatemala,2.89,USD,Bread,KG,8,2012,
508,508,400,Guatemala,2.95,USD,Bread,KG,9,2012,
509,509,401,Guatemala,3.03,USD,Bread,KG,10,2012,
510,510,402,Guatemala,3.03,USD,Bread,KG,11,2012,
511,511,403,Guatemala,3.06,USD,Bread,KG,12,2012,
512,512,404,Guatemala,3.05,USD,Bread,KG,1,2013,
513,513,405,Guatemala,3.06,USD,Bread,KG,2,2013,
514,514,406,Guatemala,3.07,USD,Bread,KG,3,2013,
515,515,407,Guatemala,3.1,USD,Bread,KG,4,2013,
516,516,408,Guatemala,3.06,USD,Bread,KG,5,2013,
517,517,409,Guatemala,3.11,USD,Bread,KG,6,2013,
518,518,410,Guatemala,3.13,USD,Bread,KG,7,2013,
519,519,411,Guatemala,3.15,USD,Bread,KG,8,2013,
520,520,412,Guatemala,3.11,USD,Bread,KG,9,2013,
521,521,413,Guatemala,3.19,USD,Bread,KG,10,2013,
522,522,414,Guatemala,3.19,USD,Bread,KG,11,2013,
523,523,415,Guatemala,3.18,USD,Bread,KG,12,2013,
524,524,368,Guatemala,3.18,USD,Bread,KG,1,2014,
525,525,369,Guatemala,3.2,USD,Bread,KG,2,2014,
526,526,370,Guatemala,3.25,USD,Bread,KG,3,2014,
527,527,371,Guatemala,3.25,USD,Bread,KG,4,2014,
528,528,372,Guatemala,3.31,USD,Bread,KG,5,2014,
529,529,373,Guatemala,3.31,USD,Bread,KG,6,2014,
530,530,374,Guatemala,3.33,USD,Bread,KG,7,2014,
531,531,375,Guatemala,3.33,USD,Bread,KG,8,2014,
532,532,376,Guatemala,3.27,USD,Bread,KG,9,2014,
533,533,377,Guatemala,3.34,USD,Bread,KG,10,2014,
534,534,378,Guatemala,3.36,USD,Bread,KG,11,2014,
535,535,379,Guatemala,3.38,USD,Bread,KG,12,2014,
536,536,380,Guatemala,3.33,USD,Bread,KG,1,2015,
537,537,381,Guatemala,3.37,USD,Bread,KG,2,2015,
538,538,382,Guatemala,3.45,USD,Bread,KG,3,2015,
539,539,383,Guatemala,3.46,USD,Bread,KG,4,2015,
540,540,384,Guatemala,3.34,USD,Bread,KG,5,2015,
541,541,385,Guatemala,3.38,USD,Bread,KG,6,2015,
542,542,386,Guatemala,3.36,USD,Bread,KG,7,2015,
543,543,387,Guatemala,3.4,USD,Bread,KG,8,2015,
544,544,388,Guatemala,3.39,USD,Bread,KG,9,2015,
545,545,389,Guatemala,3.44,USD,Bread,KG,10,2015,
546,546,390,Guatemala,3.44,USD,Bread,KG,11,2015,
547,547,391,Guatemala,3.33,USD,Bread,KG,12,2015,
548,548,589,Guinea,0.46,USD,Bread,KG,3,2012,
549,549,590,Guinea,0.4,USD,Bread,KG,6,2012,
550,550,591,Guinea,0.83,USD,Bread,KG,7,2012,
551,551,592,Guinea,0.4,USD,Bread,KG,8,2012,
552,552,593,Guinea,0.46,USD,Bread,KG,9,2012,
553,553,594,Guinea,0.46,USD,Bread,KG,1,2013,
554,554,595,Guinea,0.46,USD,Bread,KG,2,2013,
555,555,596,Guinea,0.46,USD,Bread,KG,3,2013,
556,556,597,Guinea,0.46,USD,Bread,KG,4,2013,
557,557,598,Guinea,0.46,USD,Bread,KG,5,2013,
558,558,599,Guinea,0.49,USD,Bread,KG,6,2013,
559,559,600,Guinea,0.55,USD,Bread,KG,7,2013,
560,560,601,Guinea,0.46,USD,Bread,KG,8,2013,
561,561,602,Guinea,0.46,USD,Bread,KG,9,2013,
562,562,603,Guinea,0.46,USD,Bread,KG,12,2013,
563,563,548,Guinea,0.44,USD,Bread,KG,1,2014,
564,564,549,Guinea,0.44,USD,Bread,KG,2,2014,
565,565,550,Guinea,0.53,USD,Bread,KG,3,2014,
566,566,551,Guinea,0.53,USD,Bread,KG,4,2014,
567,567,552,Guinea,0.53,USD,Bread,KG,5,2014,
568,568,553,Guinea,0.74,USD,Bread,KG,6,2014,
569,569,554,Guinea,0.74,USD,Bread,KG,7,2014,
570,570,555,Guinea,0.53,USD,Bread,KG,8,2014,
571,571,556,Guinea,0.53,USD,Bread,KG,9,2014,
572,572,557,Guinea,0.53,USD,Bread,KG,10,2014,
573,573,558,Guinea,0.53,USD,Bread,KG,11,2014,
574,574,559,Guinea,0.53,USD,Bread,KG,12,2014,
575,575,560,Guinea,0.53,USD,Bread,KG,1,2015,
576,576,561,Guinea,0.53,USD,Bread,KG,2,2015,
577,577,562,Guinea,0.53,USD,Bread,KG,3,2015,
578,578,563,Guinea,0.53,USD,Bread,KG,4,2015,
579,579,564,Guinea,0.53,USD,Bread,KG,5,2015,
580,580,565,Guinea,0.53,USD,Bread,KG,6,2015,
581,581,566,Guinea,0.53,USD,Bread,KG,7,2015,
582,582,567,Guinea,0.53,USD,Bread,KG,8,2015,
583,583,568,Guinea,0.53,USD,Bread,KG,9,2015,
584,584,569,Guinea,0.53,USD,Bread,KG,1,2016,
585,585,570,Guinea,0.44,USD,Bread,KG,2,2016,
586,586,571,Guinea,0.44,USD,Bread,KG,5,2016,
587,587,572,Guinea,0.44,USD,Bread,KG,6,2016,
588,588,573,Guinea,0.44,USD,Bread,KG,7,2016,
589,589,574,Guinea,0.44,USD,Bread,KG,8,2016,
590,590,575,Guinea,0.44,USD,Bread,KG,9,2016,
591,591,576,Guinea,0.44,USD,Bread,KG,10,2016,
592,592,577,Guinea,0.44,USD,Bread,KG,11,2016,
593,593,578,Guinea,0.44,USD,Bread,KG,12,2016,
594,594,579,Guinea,0.53,USD,Bread,KG,1,2017,
595,595,580,Guinea,0.44,USD,Bread,KG,2,2017,
596,596,581,Guinea,0.44,USD,Bread,KG,3,2017,
597,597,582,Guinea,0.44,USD,Bread,KG,4,2017,
598,598,583,Guinea,0.44,USD,Bread,KG,5,2017,
599,599,584,Guinea,0.41,USD,Bread,KG,6,2017,
600,600,585,Guinea,0.46,USD,Bread,KG,7,2017,
601,601,586,Guinea,0.44,USD,Bread,KG,8,2017,
602,602,587,Guinea,0.44,USD,Bread,KG,9,2017,
603,603,588,Guinea,0.43,USD,Bread,KG,10,2017,
604,604,631,Iraq,0.18,USD,Bread (khoboz),KG,1,2012,
605,605,632,Iraq,0.18,USD,Bread (khoboz),KG,2,2012,
606,606,633,Iraq,0.18,USD,Bread (khoboz),KG,3,2012,
607,607,634,Iraq,0.18,USD,Bread (khoboz),KG,4,2012,
608,608,635,Iraq,0.18,USD,Bread (khoboz),KG,5,2012,
609,609,636,Iraq,0.18,USD,Bread (khoboz),KG,6,2012,
610,610,637,Iraq,0.17,USD,Bread (khoboz),KG,7,2012,
611,611,638,Iraq,0.18,USD,Bread (khoboz),KG,8,2012,
612,612,639,Iraq,0.18,USD,Bread (khoboz),KG,9,2012,
613,613,640,Iraq,0.19,USD,Bread (khoboz),KG,10,2012,
614,614,641,Iraq,0.18,USD,Bread (khoboz),KG,11,2012,
615,615,642,Iraq,0.18,USD,Bread (khoboz),KG,12,2012,
616,616,643,Iraq,0.18,USD,Bread (khoboz),KG,1,2013,
617,617,644,Iraq,0.18,USD,Bread (khoboz),KG,2,2013,
618,618,645,Iraq,0.19,USD,Bread (khoboz),KG,3,2013,
619,619,646,Iraq,0.19,USD,Bread (khoboz),KG,4,2013,
620,620,647,Iraq,0.19,USD,Bread (khoboz),KG,6,2013,
621,621,648,Iraq,0.19,USD,Bread (khoboz),KG,7,2013,
622,622,649,Iraq,0.19,USD,Bread (khoboz),KG,8,2013,
623,623,650,Iraq,0.19,USD,Bread (khoboz),KG,9,2013,
624,624,651,Iraq,0.19,USD,Bread (khoboz),KG,10,2013,
625,625,652,Iraq,0.19,USD,Bread (khoboz),KG,11,2013,
626,626,604,Iraq,0.19,USD,Bread (khoboz),KG,1,2014,
627,627,605,Iraq,0.19,USD,Bread (khoboz),KG,2,2014,
628,628,606,Iraq,0.19,USD,Bread (khoboz),KG,3,2014,
629,629,607,Iraq,0.19,USD,Bread (khoboz),KG,4,2014,
630,630,608,Iraq,0.19,USD,Bread (khoboz),KG,5,2014,
631,631,609,Iraq,0.19,USD,Bread (khoboz),KG,6,2014,
632,632,610,Iraq,0.19,USD,Bread (khoboz),KG,7,2014,
633,633,611,Iraq,0.2,USD,Bread (khoboz),KG,8,2014,
634,634,612,Iraq,0.24,USD,Bread (khoboz),KG,6,2015,
635,635,613,Iraq,0.26,USD,Bread (khoboz),KG,7,2015,
636,636,614,Iraq,0.26,USD,Bread (khoboz),KG,8,2015,
637,637,615,Iraq,0.25,USD,Bread (khoboz),KG,9,2015,
638,638,616,Iraq,0.24,USD,Bread (khoboz),KG,10,2015,
639,639,617,Iraq,0.25,USD,Bread (khoboz),KG,11,2015,
640,640,618,Iraq,0.24,USD,Bread (khoboz),KG,12,2015,
641,641,619,Iraq,0.25,USD,Bread (khoboz),KG,1,2016,
642,642,620,Iraq,0.25,USD,Bread (khoboz),KG,2,2016,
643,643,621,Iraq,0.25,USD,Bread (khoboz),KG,3,2016,
644,644,622,Iraq,0.25,USD,Bread (khoboz),KG,4,2016,
645,645,623,Iraq,0.25,USD,Bread (khoboz),KG,5,2016,
646,646,624,Iraq,0.25,USD,Bread (khoboz),KG,6,2016,
647,647,625,Iraq,0.26,USD,Bread (khoboz),KG,7,2016,
648,648,626,Iraq,0.26,USD,Bread (khoboz),KG,8,2016,
649,649,627,Iraq,0.25,USD,Bread (khoboz),KG,9,2016,
650,650,628,Iraq,0.26,USD,Bread (khoboz),KG,10,2016,
651,651,629,Iraq,0.26,USD,Bread (khoboz),KG,11,2016,
652,652,630,Iraq,0.26,USD,Bread (khoboz),KG,12,2016,
653,653,718,Jordan,0.23,USD,Bread (pita),KG,1,2011,
654,654,719,Jordan,0.23,USD,Bread (pita),KG,2,2011,
655,655,720,Jordan,0.23,USD,Bread (pita),KG,3,2011,
656,656,721,Jordan,0.23,USD,Bread (pita),KG,4,2011,
657,657,722,Jordan,0.23,USD,Bread (pita),KG,5,2011,
658,658,723,Jordan,0.23,USD,Bread (pita),KG,6,2011,
659,659,724,Jordan,0.23,USD,Bread (pita),KG,7,2011,
660,660,725,Jordan,0.23,USD,Bread (pita),KG,8,2011,
661,661,726,Jordan,0.23,USD,Bread (pita),KG,9,2011,
662,662,727,Jordan,0.23,USD,Bread (pita),KG,10,2011,
663,663,728,Jordan,0.23,USD,Bread (pita),KG,11,2011,
664,664,694,Jordan,0.23,USD,Bread (pita),KG,1,2012,
665,665,695,Jordan,0.23,USD,Bread (pita),KG,2,2012,
666,666,696,Jordan,0.23,USD,Bread (pita),KG,3,2012,
667,667,697,Jordan,0.23,USD,Bread (pita),KG,4,2012,
668,668,698,Jordan,0.23,USD,Bread (pita),KG,5,2012,
669,669,699,Jordan,0.23,USD,Bread (pita),KG,6,2012,
670,670,700,Jordan,0.24,USD,Bread (pita),KG,7,2012,
671,671,701,Jordan,0.24,USD,Bread (pita),KG,8,2012,
672,672,702,Jordan,0.24,USD,Bread (pita),KG,9,2012,
673,673,703,Jordan,0.24,USD,Bread (pita),KG,10,2012,
674,674,704,Jordan,0.23,USD,Bread (pita),KG,11,2012,
675,675,705,Jordan,0.23,USD,Bread (pita),KG,12,2012,
676,676,706,Jordan,0.23,USD,Bread (pita),KG,1,2013,
677,677,707,Jordan,0.23,USD,Bread (pita),KG,2,2013,
678,678,708,Jordan,0.23,USD,Bread (pita),KG,3,2013,
679,679,709,Jordan,0.23,USD,Bread (pita),KG,4,2013,
680,680,710,Jordan,0.23,USD,Bread (pita),KG,5,2013,
681,681,711,Jordan,0.23,USD,Bread (pita),KG,6,2013,
682,682,712,Jordan,0.23,USD,Bread (pita),KG,7,2013,
683,683,713,Jordan,0.23,USD,Bread (pita),KG,8,2013,
684,684,714,Jordan,0.23,USD,Bread (pita),KG,9,2013,
685,685,715,Jordan,0.23,USD,Bread (pita),KG,10,2013,
686,686,716,Jordan,0.23,USD,Bread (pita),KG,11,2013,
687,687,717,Jordan,0.23,USD,Bread (pita),KG,12,2013,
688,688,653,Jordan,0.23,USD,Bread (pita),KG,1,2014,
689,689,654,Jordan,0.23,USD,Bread (pita),KG,2,2014,
690,690,655,Jordan,0.23,USD,Bread (pita),KG,3,2014,
691,691,656,Jordan,0.23,USD,Bread (pita),KG,4,2014,
692,692,657,Jordan,0.23,USD,Bread (pita),KG,5,2014,
693,693,658,Jordan,0.23,USD,Bread (pita),KG,6,2014,
694,694,659,Jordan,0.23,USD,Bread (pita),KG,7,2014,
695,695,660,Jordan,0.24,USD,Bread (pita),KG,8,2014,
696,696,661,Jordan,0.23,USD,Bread (pita),KG,9,2014,
697,697,662,Jordan,0.23,USD,Bread (pita),KG,10,2014,
698,698,663,Jordan,0.23,USD,Bread (pita),KG,11,2014,
699,699,664,Jordan,0.23,USD,Bread (pita),KG,12,2014,
700,700,665,Jordan,0.23,USD,Bread (pita),KG,1,2015,
701,701,666,Jordan,0.23,USD,Bread (pita),KG,2,2015,
702,702,667,Jordan,0.23,USD,Bread (pita),KG,3,2015,
703,703,668,Jordan,0.23,USD,Bread (pita),KG,4,2015,
704,704,669,Jordan,0.23,USD,Bread (pita),KG,5,2015,
705,705,670,Jordan,0.23,USD,Bread (pita),KG,6,2015,
706,706,671,Jordan,0.23,USD,Bread (pita),KG,7,2015,
707,707,672,Jordan,0.23,USD,Bread (pita),KG,8,2015,
708,708,673,Jordan,0.23,USD,Bread (pita),KG,9,2015,
709,709,674,Jordan,0.23,USD,Bread (pita),KG,10,2015,
710,710,675,Jordan,0.23,USD,Bread (pita),KG,11,2015,
711,711,676,Jordan,0.23,USD,Bread (pita),KG,12,2015,
712,712,677,Jordan,0.23,USD,Bread (pita),KG,1,2016,
713,713,678,Jordan,0.23,USD,Bread (pita),KG,2,2016,
714,714,679,Jordan,0.23,USD,Bread (pita),KG,3,2016,
715,715,680,Jordan,0.23,USD,Bread (pita),KG,4,2016,
716,716,681,Jordan,0.23,USD,Bread (pita),KG,5,2016,
717,717,682,Jordan,0.24,USD,Bread (pita),KG,7,2016,
718,718,683,Jordan,0.24,USD,Bread (pita),KG,8,2016,
719,719,684,Jordan,0.24,USD,Bread (pita),KG,9,2016,
720,720,685,Jordan,0.24,USD,Bread (pita),KG,10,2016,
721,721,686,Jordan,0.24,USD,Bread (pita),KG,11,2016,
722,722,687,Jordan,0.24,USD,Bread (pita),KG,12,2016,
723,723,688,Jordan,0.24,USD,Bread (pita),KG,1,2017,
724,724,689,Jordan,20.2,USD,Bread (pita),KG,2,2017,
725,725,690,Jordan,0.24,USD,Bread (pita),KG,3,2017,
726,726,691,Jordan,0.24,USD,Bread (pita),KG,4,2017,
727,727,692,Jordan,0.24,USD,Bread (pita),KG,5,2017,
728,728,693,Jordan,0.24,USD,Bread (pita),KG,6,2017,
729,729,819,Kenya,0.642525,USD,Bread,KG,1,2006,
730,730,820,Kenya,0.642525,USD,Bread,KG,2,2006,
731,731,821,Kenya,0.642525,USD,Bread,KG,3,2006,
732,732,822,Kenya,0.642525,USD,Bread,KG,4,2006,
733,733,823,Kenya,0.642525,USD,Bread,KG,5,2006,
734,734,824,Kenya,0.642525,USD,Bread,KG,6,2006,
735,735,825,Kenya,0.642525,USD,Bread,KG,7,2006,
736,736,826,Kenya,0.642525,USD,Bread,KG,8,2006,
737,737,827,Kenya,0.642525,USD,Bread,KG,9,2006,
738,738,828,Kenya,0.642525,USD,Bread,KG,10,2006,
739,739,829,Kenya,0.6672374999999999,USD,Bread,KG,11,2006,
740,740,830,Kenya,0.6672374999999999,USD,Bread,KG,12,2006,
741,741,831,Kenya,0.6672374999999999,USD,Bread,KG,1,2007,
742,742,832,Kenya,0.6672374999999999,USD,Bread,KG,2,2007,
743,743,833,Kenya,0.6672374999999999,USD,Bread,KG,3,2007,
744,744,834,Kenya,0.6672374999999999,USD,Bread,KG,4,2007,
745,745,835,Kenya,0.6672374999999999,USD,Bread,KG,5,2007,
746,746,836,Kenya,0.6672374999999999,USD,Bread,KG,6,2007,
747,747,837,Kenya,0.69195,USD,Bread,KG,7,2007,
748,748,838,Kenya,0.69195,USD,Bread,KG,8,2007,
749,749,839,Kenya,0.7166625,USD,Bread,KG,9,2007,
750,750,840,Kenya,0.741375,USD,Bread,KG,10,2007,
751,751,841,Kenya,0.7660874999999999,USD,Bread,KG,11,2007,
752,752,842,Kenya,0.7908,USD,Bread,KG,12,2007,
753,753,843,Kenya,0.8155125,USD,Bread,KG,1,2008,
754,754,844,Kenya,0.8155125,USD,Bread,KG,2,2008,
755,755,845,Kenya,0.8155125,USD,Bread,KG,3,2008,
756,756,846,Kenya,0.8155125,USD,Bread,KG,4,2008,
757,757,847,Kenya,0.8155125,USD,Bread,KG,5,2008,
758,758,848,Kenya,0.8155125,USD,Bread,KG,6,2008,
759,759,849,Kenya,0.8155125,USD,Bread,KG,7,2008,
760,760,850,Kenya,0.8155125,USD,Bread,KG,8,2008,
761,761,851,Kenya,0.840225,USD,Bread,KG,9,2008,
762,762,852,Kenya,0.840225,USD,Bread,KG,10,2008,
763,763,853,Kenya,0.840225,USD,Bread,KG,11,2008,
764,764,854,Kenya,0.840225,USD,Bread,KG,12,2008,
765,765,855,Kenya,0.840225,USD,Bread,KG,1,2009,
766,766,856,Kenya,0.840225,USD,Bread,KG,2,2009,
767,767,857,Kenya,0.840225,USD,Bread,KG,3,2009,
768,768,858,Kenya,0.840225,USD,Bread,KG,4,2009,
769,769,859,Kenya,0.8649375,USD,Bread,KG,5,2009,
770,770,860,Kenya,0.840225,USD,Bread,KG,6,2009,
771,771,861,Kenya,0.840225,USD,Bread,KG,7,2009,
772,772,862,Kenya,0.8155125,USD,Bread,KG,8,2009,
773,773,863,Kenya,0.8155125,USD,Bread,KG,9,2009,
774,774,864,Kenya,0.840225,USD,Bread,KG,10,2009,
775,775,865,Kenya,0.840225,USD,Bread,KG,11,2009,
776,776,866,Kenya,0.840225,USD,Bread,KG,12,2009,
777,777,795,Kenya,0.840225,USD,Bread,KG,1,2010,
778,778,796,Kenya,0.840225,USD,Bread,KG,2,2010,
779,779,797,Kenya,0.840225,USD,Bread,KG,3,2010,
780,780,798,Kenya,0.8649375,USD,Bread,KG,4,2010,
781,781,799,Kenya,0.7660874999999999,USD,Bread,KG,5,2010,
782,782,800,Kenya,0.8155125,USD,Bread,KG,6,2010,
783,783,801,Kenya,0.840225,USD,Bread,KG,7,2010,
784,784,802,Kenya,0.939075,USD,Bread,KG,8,2010,
785,785,803,Kenya,0.939075,USD,Bread,KG,9,2010,
786,786,804,Kenya,0.939075,USD,Bread,KG,10,2010,
787,787,805,Kenya,0.939075,USD,Bread,KG,11,2010,
788,788,806,Kenya,0.9637875,USD,Bread,KG,12,2010,
789,789,807,Kenya,0.939075,USD,Bread,KG,1,2011,
790,790,808,Kenya,0.939075,USD,Bread,KG,2,2011,
791,791,809,Kenya,0.9884999999999999,USD,Bread,KG,3,2011,
792,792,810,Kenya,0.9884999999999999,USD,Bread,KG,4,2011,
793,793,811,Kenya,0.9884999999999999,USD,Bread,KG,5,2011,
794,794,812,Kenya,0.9884999999999999,USD,Bread,KG,6,2011,
795,795,813,Kenya,1.0132125,USD,Bread,KG,7,2011,
796,796,814,Kenya,0.9884999999999999,USD,Bread,KG,8,2011,
797,797,815,Kenya,0.9884999999999999,USD,Bread,KG,9,2011,
798,798,816,Kenya,0.9884999999999999,USD,Bread,KG,10,2011,
799,799,817,Kenya,1.0132125,USD,Bread,KG,11,2011,
800,800,818,Kenya,0.9884999999999999,USD,Bread,KG,12,2011,
801,801,771,Kenya,1.0626375,USD,Bread,KG,1,2012,
802,802,772,Kenya,1.0626375,USD,Bread,KG,2,2012,
803,803,773,Kenya,1.1120625,USD,Bread,KG,3,2012,
804,804,774,Kenya,1.1862,USD,Bread,KG,4,2012,
805,805,775,Kenya,1.1862,USD,Bread,KG,5,2012,
806,806,776,Kenya,1.1120625,USD,Bread,KG,6,2012,
807,807,777,Kenya,1.0626375,USD,Bread,KG,7,2012,
808,808,778,Kenya,1.0626375,USD,Bread,KG,8,2012,
809,809,779,Kenya,0.9884999999999999,USD,Bread,KG,9,2012,
810,810,780,Kenya,0.9884999999999999,USD,Bread,KG,10,2012,
811,811,781,Kenya,0.939075,USD,Bread,KG,11,2012,
812,812,782,Kenya,0.8896499999999999,USD,Bread,KG,12,2012,
813,813,783,Kenya,1.0626375,USD,Bread,KG,1,2013,
814,814,784,Kenya,1.1367749999999999,USD,Bread,KG,2,2013,
815,815,785,Kenya,1.1367749999999999,USD,Bread,KG,3,2013,
816,816,786,Kenya,1.08735,USD,Bread,KG,4,2013,
817,817,787,Kenya,1.1120625,USD,Bread,KG,5,2013,
818,818,788,Kenya,1.08735,USD,Bread,KG,6,2013,
819,819,789,Kenya,1.1120625,USD,Bread,KG,7,2013,
820,820,790,Kenya,1.1367749999999999,USD,Bread,KG,8,2013,
821,821,791,Kenya,1.1862,USD,Bread,KG,9,2013,
822,822,792,Kenya,1.235625,USD,Bread,KG,10,2013,
823,823,793,Kenya,1.235625,USD,Bread,KG,11,2013,
824,824,794,Kenya,1.1614875,USD,Bread,KG,12,2013,
825,825,729,Kenya,1.22326875,USD,Bread,KG,1,2014,
826,826,730,Kenya,1.1943057,USD,Bread,KG,2,2014,
827,827,731,Kenya,1.1800712999999998,USD,Bread,KG,3,2014,
828,828,732,Kenya,1.1120625,USD,Bread,KG,4,2014,
829,829,733,Kenya,1.2047838,USD,Bread,KG,5,2014,
830,830,734,Kenya,1.158522,USD,Bread,KG,6,2014,
831,831,735,Kenya,1.1120625,USD,Bread,KG,7,2014,
832,832,736,Kenya,1.08735,USD,Bread,KG,8,2014,
833,833,737,Kenya,1.1614875,USD,Bread,KG,9,2014,
834,834,738,Kenya,1.235625,USD,Bread,KG,10,2014,
835,835,739,Kenya,1.235625,USD,Bread,KG,11,2014,
836,836,740,Kenya,1.235625,USD,Bread,KG,12,2014,
837,837,741,Kenya,1.1862,USD,Bread,KG,1,2015,
838,838,742,Kenya,1.1862,USD,Bread,KG,2,2015,
839,839,743,Kenya,1.235625,USD,Bread,KG,3,2015,
840,840,744,Kenya,1.235625,USD,Bread,KG,4,2015,
841,841,745,Kenya,1.235625,USD,Bread,KG,5,2015,
842,842,746,Kenya,1.235625,USD,Bread,KG,6,2015,
843,843,747,Kenya,1.235625,USD,Bread,KG,7,2015,
844,844,748,Kenya,1.235625,USD,Bread,KG,8,2015,
845,845,749,Kenya,1.235625,USD,Bread,KG,9,2015,
846,846,750,Kenya,1.235625,USD,Bread,KG,10,2015,
847,847,751,Kenya,1.235625,USD,Bread,KG,11,2015,
848,848,752,Kenya,1.235625,USD,Bread,KG,12,2015,
849,849,753,Kenya,1.235625,USD,Bread,KG,1,2016,
850,850,754,Kenya,1.28505,USD,Bread,KG,2,2016,
851,851,755,Kenya,1.235625,USD,Bread,KG,3,2016,
852,852,756,Kenya,1.1862,USD,Bread,KG,5,2016,
853,853,757,Kenya,1.1862,USD,Bread,KG,6,2016,
854,854,758,Kenya,1.235625,USD,Bread,KG,7,2016,
855,855,759,Kenya,1.235625,USD,Bread,KG,8,2016,
856,856,760,Kenya,1.1367749999999999,USD,Bread,KG,9,2016,
857,857,761,Kenya,1.1120625,USD,Bread,KG,10,2016,
858,858,762,Kenya,1.1120625,USD,Bread,KG,11,2016,
859,859,763,Kenya,1.1120625,USD,Bread,KG,12,2016,
860,860,764,Kenya,1.235625,USD,Bread,KG,1,2017,
861,861,765,Kenya,1.235625,USD,Bread,KG,2,2017,
862,862,766,Kenya,1.235625,USD,Bread,KG,4,2017,
863,863,767,Kenya,1.1120625,USD,Bread,KG,5,2017,
864,864,768,Kenya,1.1120625,USD,Bread,KG,6,2017,
865,865,769,Kenya,1.1120625,USD,Bread,KG,7,2017,
866,866,770,Kenya,1.1120625,USD,Bread,KG,8,2017,
867,867,933,Kyrgyzstan,0.21,USD,Bread,KG,2,2005,
868,868,934,Kyrgyzstan,0.21,USD,Bread,KG,3,2005,
869,869,935,Kyrgyzstan,0.22,USD,Bread,KG,4,2005,
870,870,936,Kyrgyzstan,0.22,USD,Bread,KG,5,2005,
871,871,937,Kyrgyzstan,0.22,USD,Bread,KG,6,2005,
872,872,938,Kyrgyzstan,0.22,USD,Bread,KG,7,2005,
873,873,939,Kyrgyzstan,0.21,USD,Bread,KG,8,2005,
874,874,940,Kyrgyzstan,0.21,USD,Bread,KG,9,2005,
875,875,941,Kyrgyzstan,0.21,USD,Bread,KG,10,2005,
876,876,942,Kyrgyzstan,0.21,USD,Bread,KG,11,2005,
877,877,943,Kyrgyzstan,0.21,USD,Bread,KG,12,2005,
878,878,944,Kyrgyzstan,0.21,USD,Bread,KG,1,2006,
879,879,945,Kyrgyzstan,0.21,USD,Bread,KG,2,2006,
880,880,946,Kyrgyzstan,0.21,USD,Bread,KG,3,2006,
881,881,947,Kyrgyzstan,0.21,USD,Bread,KG,4,2006,
882,882,948,Kyrgyzstan,0.21,USD,Bread,KG,5,2006,
883,883,949,Kyrgyzstan,0.21,USD,Bread,KG,6,2006,
884,884,950,Kyrgyzstan,0.21,USD,Bread,KG,7,2006,
885,885,951,Kyrgyzstan,0.21,USD,Bread,KG,8,2006,
886,886,952,Kyrgyzstan,0.21,USD,Bread,KG,9,2006,
887,887,953,Kyrgyzstan,0.21,USD,Bread,KG,10,2006,
888,888,954,Kyrgyzstan,0.21,USD,Bread,KG,11,2006,
889,889,955,Kyrgyzstan,0.23,USD,Bread,KG,12,2006,
890,890,956,Kyrgyzstan,0.23,USD,Bread,KG,1,2007,
891,891,957,Kyrgyzstan,0.23,USD,Bread,KG,2,2007,
892,892,958,Kyrgyzstan,0.23,USD,Bread,KG,3,2007,
893,893,959,Kyrgyzstan,0.23,USD,Bread,KG,4,2007,
894,894,960,Kyrgyzstan,0.23,USD,Bread,KG,5,2007,
895,895,961,Kyrgyzstan,0.23,USD,Bread,KG,6,2007,
896,896,962,Kyrgyzstan,0.25,USD,Bread,KG,7,2007,
897,897,963,Kyrgyzstan,0.29,USD,Bread,KG,8,2007,
898,898,964,Kyrgyzstan,0.33,USD,Bread,KG,9,2007,
899,899,965,Kyrgyzstan,0.42,USD,Bread,KG,10,2007,
900,900,966,Kyrgyzstan,0.42,USD,Bread,KG,11,2007,
901,901,967,Kyrgyzstan,0.4,USD,Bread,KG,12,2007,
902,902,968,Kyrgyzstan,0.4,USD,Bread,KG,1,2008,
903,903,969,Kyrgyzstan,0.41,USD,Bread,KG,2,2008,
904,904,970,Kyrgyzstan,0.42,USD,Bread,KG,3,2008,
905,905,971,Kyrgyzstan,0.42,USD,Bread,KG,4,2008,
906,906,972,Kyrgyzstan,0.45,USD,Bread,KG,5,2008,
907,907,973,Kyrgyzstan,0.49,USD,Bread,KG,6,2008,
908,908,974,Kyrgyzstan,0.49,USD,Bread,KG,7,2008,
909,909,975,Kyrgyzstan,0.49,USD,Bread,KG,8,2008,
910,910,976,Kyrgyzstan,0.49,USD,Bread,KG,9,2008,
911,911,977,Kyrgyzstan,0.49,USD,Bread,KG,10,2008,
912,912,978,Kyrgyzstan,0.49,USD,Bread,KG,11,2008,
913,913,979,Kyrgyzstan,0.49,USD,Bread,KG,12,2008,
914,914,980,Kyrgyzstan,0.48,USD,Bread,KG,1,2009,
915,915,981,Kyrgyzstan,0.48,USD,Bread,KG,2,2009,
916,916,982,Kyrgyzstan,0.48,USD,Bread,KG,3,2009,
917,917,983,Kyrgyzstan,0.47,USD,Bread,KG,4,2009,
918,918,984,Kyrgyzstan,0.46,USD,Bread,KG,5,2009,
919,919,985,Kyrgyzstan,0.46,USD,Bread,KG,6,2009,
920,920,986,Kyrgyzstan,0.46,USD,Bread,KG,7,2009,
921,921,987,Kyrgyzstan,0.46,USD,Bread,KG,8,2009,
922,922,988,Kyrgyzstan,0.46,USD,Bread,KG,9,2009,
923,923,989,Kyrgyzstan,0.45,USD,Bread,KG,10,2009,
924,924,990,Kyrgyzstan,0.44,USD,Bread,KG,11,2009,
925,925,991,Kyrgyzstan,0.43,USD,Bread,KG,12,2009,
926,926,909,Kyrgyzstan,0.43,USD,Bread,KG,1,2010,
927,927,910,Kyrgyzstan,0.44,USD,Bread,KG,2,2010,
928,928,911,Kyrgyzstan,0.44,USD,Bread,KG,3,2010,
929,929,912,Kyrgyzstan,0.44,USD,Bread,KG,4,2010,
930,930,913,Kyrgyzstan,0.44,USD,Bread,KG,5,2010,
931,931,914,Kyrgyzstan,0.44,USD,Bread,KG,6,2010,
932,932,915,Kyrgyzstan,0.45,USD,Bread,KG,7,2010,
933,933,916,Kyrgyzstan,0.48,USD,Bread,KG,8,2010,
934,934,917,Kyrgyzstan,0.51,USD,Bread,KG,9,2010,
935,935,918,Kyrgyzstan,0.51,USD,Bread,KG,10,2010,
936,936,919,Kyrgyzstan,0.54,USD,Bread,KG,11,2010,
937,937,920,Kyrgyzstan,0.54,USD,Bread,KG,12,2010,
938,938,921,Kyrgyzstan,0.54,USD,Bread,KG,1,2011,
939,939,922,Kyrgyzstan,0.55,USD,Bread,KG,2,2011,
940,940,923,Kyrgyzstan,1.26,USD,Bread,KG,3,2011,
941,941,924,Kyrgyzstan,1.22,USD,Bread,KG,4,2011,
942,942,925,Kyrgyzstan,1.2,USD,Bread,KG,5,2011,
943,943,926,Kyrgyzstan,0.57,USD,Bread,KG,6,2011,
944,944,927,Kyrgyzstan,1.22,USD,Bread,KG,7,2011,
945,945,928,Kyrgyzstan,1.18,USD,Bread,KG,8,2011,
946,946,929,Kyrgyzstan,1.19,USD,Bread,KG,9,2011,
947,947,930,Kyrgyzstan,1.19,USD,Bread,KG,10,2011,
948,948,931,Kyrgyzstan,1.2,USD,Bread,KG,11,2011,
949,949,932,Kyrgyzstan,1.2,USD,Bread,KG,12,2011,
950,950,885,Kyrgyzstan,1.15,USD,Bread,KG,1,2012,
951,951,886,Kyrgyzstan,1.2,USD,Bread,KG,2,2012,
952,952,887,Kyrgyzstan,1.2,USD,Bread,KG,3,2012,
953,953,888,Kyrgyzstan,1.17,USD,Bread,KG,4,2012,
954,954,889,Kyrgyzstan,1.17,USD,Bread,KG,5,2012,
955,955,890,Kyrgyzstan,1.21,USD,Bread,KG,6,2012,
956,956,891,Kyrgyzstan,1.25,USD,Bread,KG,7,2012,
957,957,892,Kyrgyzstan,1.29,USD,Bread,KG,8,2012,
958,958,893,Kyrgyzstan,1.32,USD,Bread,KG,9,2012,
959,959,894,Kyrgyzstan,1.34,USD,Bread,KG,10,2012,
960,960,895,Kyrgyzstan,1.34,USD,Bread,KG,11,2012,
961,961,896,Kyrgyzstan,1.33,USD,Bread,KG,12,2012,
962,962,897,Kyrgyzstan,1.3,USD,Bread,KG,1,2013,
963,963,898,Kyrgyzstan,1.32,USD,Bread,KG,2,2013,
964,964,899,Kyrgyzstan,1.35,USD,Bread,KG,3,2013,
965,965,900,Kyrgyzstan,1.37,USD,Bread,KG,4,2013,
966,966,901,Kyrgyzstan,1.4,USD,Bread,KG,5,2013,
967,967,902,Kyrgyzstan,1.43,USD,Bread,KG,6,2013,
968,968,903,Kyrgyzstan,1.37,USD,Bread,KG,7,2013,
969,969,904,Kyrgyzstan,1.36,USD,Bread,KG,8,2013,
970,970,905,Kyrgyzstan,1.38,USD,Bread,KG,9,2013,
971,971,906,Kyrgyzstan,1.39,USD,Bread,KG,10,2013,
972,972,907,Kyrgyzstan,1.4,USD,Bread,KG,11,2013,
973,973,908,Kyrgyzstan,1.38,USD,Bread,KG,12,2013,
974,974,867,Kyrgyzstan,1.41,USD,Bread,KG,1,2014,
975,975,868,Kyrgyzstan,1.37,USD,Bread,KG,2,2014,
976,976,869,Kyrgyzstan,1.43,USD,Bread,KG,3,2014,
977,977,870,Kyrgyzstan,0.68,USD,Bread,KG,4,2014,
978,978,871,Kyrgyzstan,0.69,USD,Bread,KG,5,2014,
979,979,872,Kyrgyzstan,0.69,USD,Bread,KG,6,2014,
980,980,873,Kyrgyzstan,0.7,USD,Bread,KG,7,2014,
981,981,874,Kyrgyzstan,0.7,USD,Bread,KG,8,2014,
982,982,875,Kyrgyzstan,0.71,USD,Bread,KG,9,2014,
983,983,876,Kyrgyzstan,0.71,USD,Bread,KG,10,2014,
984,984,877,Kyrgyzstan,0.73,USD,Bread,KG,11,2014,
985,985,878,Kyrgyzstan,0.75,USD,Bread,KG,12,2014,
986,986,879,Kyrgyzstan,0.78,USD,Bread,KG,1,2015,
987,987,880,Kyrgyzstan,0.78,USD,Bread,KG,2,2015,
988,988,881,Kyrgyzstan,0.77,USD,Bread,KG,3,2015,
989,989,882,Kyrgyzstan,0.77,USD,Bread,KG,4,2015,
990,990,883,Kyrgyzstan,0.76,USD,Bread,KG,5,2015,
991,991,884,Kyrgyzstan,0.77,USD,Bread,KG,6,2015,
992,992,1027,Lebanon,1.11,USD,Bread (pita),KG,8,2012,
993,993,1028,Lebanon,1.11,USD,Bread (pita),KG,9,2012,
994,994,1029,Lebanon,1.08,USD,Bread (pita),KG,10,2012,
995,995,1030,Lebanon,1.09,USD,Bread (pita),KG,11,2012,
996,996,1031,Lebanon,1.23,USD,Bread (pita),KG,12,2012,
997,997,1032,Lebanon,1.2,USD,Bread (pita),KG,1,2013,
998,998,1033,Lebanon,1.18,USD,Bread (pita),KG,2,2013,
999,999,1034,Lebanon,1.14,USD,Bread (pita),KG,3,2013,
1000,1000,1035,Lebanon,1.17,USD,Bread (pita),KG,4,2013,
1001,1001,1036,Lebanon,1.14,USD,Bread (pita),KG,5,2013,
1002,1002,1037,Lebanon,1.23,USD,Bread (pita),KG,6,2013,
1003,1003,1038,Lebanon,1.12,USD,Bread (pita),KG,7,2013,
1004,1004,1039,Lebanon,1.16,USD,Bread (pita),KG,8,2013,
1005,1005,1040,Lebanon,1.1,USD,Bread (pita),KG,9,2013,
1006,1006,1041,Lebanon,1.08,USD,Bread (pita),KG,10,2013,
1007,1007,1042,Lebanon,1.09,USD,Bread (pita),KG,11,2013,
1008,1008,1043,Lebanon,1.07,USD,Bread (pita),KG,12,2013,
1009,1009,992,Lebanon,1.09,USD,Bread (pita),KG,1,2014,
1010,1010,993,Lebanon,1.09,USD,Bread (pita),KG,2,2014,
1011,1011,994,Lebanon,1.09,USD,Bread (pita),KG,3,2014,
1012,1012,995,Lebanon,1.06,USD,Bread (pita),KG,4,2014,
1013,1013,996,Lebanon,1.04,USD,Bread (pita),KG,5,2014,
1014,1014,997,Lebanon,1.08,USD,Bread (pita),KG,6,2014,
1015,1015,998,Lebanon,1.07,USD,Bread (pita),KG,7,2014,
1016,1016,999,Lebanon,1.08,USD,Bread (pita),KG,8,2014,
1017,1017,1000,Lebanon,1.06,USD,Bread (pita),KG,9,2014,
1018,1018,1001,Lebanon,1.06,USD,Bread (pita),KG,10,2014,
1019,1019,1002,Lebanon,1.08,USD,Bread (pita),KG,11,2014,
1020,1020,1003,Lebanon,1.07,USD,Bread (pita),KG,12,2014,
1021,1021,1004,Lebanon,0.99,USD,Bread (pita),KG,1,2015,
1022,1022,1005,Lebanon,1.0,USD,Bread (pita),KG,3,2015,
1023,1023,1006,Lebanon,0.99,USD,Bread (pita),KG,4,2015,
1024,1024,1007,Lebanon,1.03,USD,Bread (pita),KG,5,2015,
1025,1025,1008,Lebanon,1.03,USD,Bread (pita),KG,6,2015,
1026,1026,1009,Lebanon,1.0,USD,Bread (pita),KG,7,2015,
1027,1027,1010,Lebanon,1.03,USD,Bread (pita),KG,8,2015,
1028,1028,1011,Lebanon,1.02,USD,Bread (pita),KG,9,2015,
1029,1029,1012,Lebanon,1.02,USD,Bread (pita),KG,10,2015,
1030,1030,1013,Lebanon,1.01,USD,Bread (pita),KG,11,2015,
1031,1031,1014,Lebanon,1.0,USD,Bread (pita),KG,12,2015,
1032,1032,1015,Lebanon,1.01,USD,Bread (pita),KG,1,2016,
1033,1033,1016,Lebanon,1.01,USD,Bread (pita),KG,2,2016,
1034,1034,1017,Lebanon,0.99,USD,Bread (pita),KG,3,2016,
1035,1035,1018,Lebanon,1.0,USD,Bread (pita),KG,4,2016,
1036,1036,1019,Lebanon,0.99,USD,Bread (pita),KG,5,2016,
1037,1037,1020,Lebanon,0.96,USD,Bread (pita),KG,6,2016,
1038,1038,1021,Lebanon,1.01,USD,Bread (pita),KG,7,2016,
1039,1039,1022,Lebanon,0.96,USD,Bread (pita),KG,8,2016,
1040,1040,1023,Lebanon,0.99,USD,Bread (pita),KG,9,2016,
1041,1041,1024,Lebanon,1.02,USD,Bread (pita),KG,10,2016,
1042,1042,1025,Lebanon,1.0,USD,Bread (pita),KG,11,2016,
1043,1043,1026,Lebanon,0.99,USD,Bread (pita),KG,12,2016,
1044,1044,1114,Lesotho,0.803064577,USD,Bread (brown),KG,1,2010,
1045,1045,1115,Lesotho,0.7907673164999999,USD,Bread (brown),KG,2,2010,
1046,1046,1116,Lesotho,0.7906909360000001,USD,Bread (brown),KG,3,2010,
1047,1047,1117,Lesotho,0.7902326529999999,USD,Bread (brown),KG,4,2010,
1048,1048,1118,Lesotho,0.7906145554999999,USD,Bread (brown),KG,5,2010,
1049,1049,1119,Lesotho,0.8053559920000001,USD,Bread (brown),KG,6,2010,
1050,1050,1120,Lesotho,0.791454741,USD,Bread (brown),KG,7,2010,
1051,1051,1121,Lesotho,0.7860317254999999,USD,Bread (brown),KG,8,2010,
1052,1052,1122,Lesotho,0.793440634,USD,Bread (brown),KG,9,2010,
1053,1053,1123,Lesotho,0.7946627220000002,USD,Bread (brown),KG,10,2010,
1054,1054,1124,Lesotho,0.8000093570000001,USD,Bread (brown),KG,11,2010,
1055,1055,1125,Lesotho,0.7948154829999999,USD,Bread (brown),KG,12,2010,
1056,1056,1126,Lesotho,0.795121005,USD,Bread (brown),KG,1,2011,
1057,1057,1127,Lesotho,0.7926004485000001,USD,Bread (brown),KG,2,2011,
1058,1058,1128,Lesotho,0.7910728385,USD,Bread (brown),KG,3,2011,
1059,1059,1129,Lesotho,0.7985581275,USD,Bread (brown),KG,4,2011,
1060,1060,1130,Lesotho,0.7997038350000001,USD,Bread (brown),KG,5,2011,
1061,1061,1131,Lesotho,0.799398313,USD,Bread (brown),KG,6,2011,
1062,1062,1132,Lesotho,0.7974888005000002,USD,Bread (brown),KG,7,2011,
1063,1063,1133,Lesotho,0.8042866649999999,USD,Bread (brown),KG,8,2011,
1064,1064,1134,Lesotho,0.8097860610000001,USD,Bread (brown),KG,9,2011,
1065,1065,1135,Lesotho,0.8949503185000001,USD,Bread (brown),KG,10,2011,
1066,1066,1136,Lesotho,0.8000093570000001,USD,Bread (brown),KG,11,2011,
1067,1067,1137,Lesotho,0.7948154829999999,USD,Bread (brown),KG,12,2011,
1068,1068,1090,Lesotho,0.8996095290000001,USD,Bread (brown),KG,1,2012,
1069,1069,1091,Lesotho,0.902053705,USD,Bread (brown),KG,2,2012,
1070,1070,1092,Lesotho,0.9061018715,USD,Bread (brown),KG,3,2012,
1071,1071,1093,Lesotho,0.910761082,USD,Bread (brown),KG,4,2012,
1072,1072,1094,Lesotho,0.9138926825,USD,Bread (brown),KG,5,2012,
1073,1073,1095,Lesotho,0.9141982044999999,USD,Bread (brown),KG,6,2012,
1074,1074,1096,Lesotho,0.913663541,USD,Bread (brown),KG,7,2012,
1075,1075,1097,Lesotho,0.9109138429999999,USD,Bread (brown),KG,8,2012,
1076,1076,1098,Lesotho,0.913663541,USD,Bread (brown),KG,9,2012,
1077,1077,1099,Lesotho,0.9146564875000001,USD,Bread (brown),KG,10,2012,
1078,1078,1100,Lesotho,0.9569712845000001,USD,Bread (brown),KG,11,2012,
1079,1079,1101,Lesotho,0.9779759219999999,USD,Bread (brown),KG,12,2012,
1080,1080,1102,Lesotho,0.9828642740000001,USD,Bread (brown),KG,1,2013,
1081,1081,1103,Lesotho,0.9921063145000001,USD,Bread (brown),KG,2,2013,
1082,1082,1104,Lesotho,0.9895093775000002,USD,Bread (brown),KG,3,2013,
1083,1083,1105,Lesotho,0.9927173585000001,USD,Bread (brown),KG,4,2013,
1084,1084,1106,Lesotho,1.0001262670000002,USD,Bread (brown),KG,5,2013,
1085,1085,1107,Lesotho,1.004403575,USD,Bread (brown),KG,6,2013,
1086,1086,1108,Lesotho,1.0367125265000001,USD,Bread (brown),KG,7,2013,
1087,1087,1109,Lesotho,1.0416008785000002,USD,Bread (brown),KG,8,2013,
1088,1088,1110,Lesotho,1.0497735920000002,USD,Bread (brown),KG,9,2013,
1089,1089,1111,Lesotho,1.0503082555,USD,Bread (brown),KG,10,2013,
1090,1090,1112,Lesotho,1.0511484409999996,USD,Bread (brown),KG,11,2013,
1091,1091,1113,Lesotho,1.0529815729999998,USD,Bread (brown),KG,12,2013,
1092,1092,1044,Lesotho,1.056495076,USD,Bread (brown),KG,1,2014,
1093,1093,1045,Lesotho,1.0527524315,USD,Bread (brown),KG,2,2014,
1094,1094,1046,Lesotho,1.0577935445,USD,Bread (brown),KG,3,2014,
1095,1095,1047,Lesotho,1.057869925,USD,Bread (brown),KG,4,2014,
1096,1096,1048,Lesotho,1.06016134,USD,Bread (brown),KG,5,2014,
1097,1097,1049,Lesotho,1.062911038,USD,Bread (brown),KG,6,2014,
1098,1098,1050,Lesotho,1.065049692,USD,Bread (brown),KG,7,2014,
1099,1099,1051,Lesotho,1.1043092690000003,USD,Bread (brown),KG,8,2014,
1100,1100,1052,Lesotho,1.1062187815000002,USD,Bread (brown),KG,9,2014,
1101,1101,1053,Lesotho,1.105684118,USD,Bread (brown),KG,10,2014,
1102,1102,1054,Lesotho,1.10598964,USD,Bread (brown),KG,11,2014,
1103,1103,1055,Lesotho,1.104156508,USD,Bread (brown),KG,12,2014,
1104,1104,1056,Lesotho,1.1010249075,USD,Bread (brown),KG,1,2015,
1105,1105,1057,Lesotho,1.1043856495000002,USD,Bread (brown),KG,2,2015,
1106,1106,1058,Lesotho,1.0998028194999998,USD,Bread (brown),KG,3,2015,
1107,1107,1059,Lesotho,1.0938451404999998,USD,Bread (brown),KG,4,2015,
1108,1108,1060,Lesotho,1.1000319609999998,USD,Bread (brown),KG,5,2015,
1109,1109,1061,Lesotho,1.1036218445,USD,Bread (brown),KG,6,2015,
1110,1110,1062,Lesotho,1.1023997564999999,USD,Bread (brown),KG,7,2015,
1111,1111,1063,Lesotho,1.1015595710000001,USD,Bread (brown),KG,8,2015,
1112,1112,1064,Lesotho,1.103698225,USD,Bread (brown),KG,9,2015,
1113,1113,1065,Lesotho,1.1056077375,USD,Bread (brown),KG,10,2015,
1114,1114,1066,Lesotho,1.1089684795,USD,Bread (brown),KG,11,2015,
1115,1115,1067,Lesotho,1.1228697305000002,USD,Bread (brown),KG,12,2015,
1116,1116,1068,Lesotho,1.1345050266666665,USD,Bread (brown),KG,1,2016,
1117,1117,1069,Lesotho,1.1420412359999998,USD,Bread (brown),KG,2,2016,
1118,1118,1070,Lesotho,1.159303229,USD,Bread (brown),KG,3,2016,
1119,1119,1071,Lesotho,1.1789330175000001,USD,Bread (brown),KG,4,2016,
1120,1120,1072,Lesotho,1.1816063350000001,USD,Bread (brown),KG,5,2016,
1121,1121,1073,Lesotho,1.1833630865000004,USD,Bread (brown),KG,6,2016,
1122,1122,1074,Lesotho,1.206200856,USD,Bread (brown),KG,7,2016,
1123,1123,1075,Lesotho,1.2142208085000001,USD,Bread (brown),KG,8,2016,
1124,1124,1076,Lesotho,1.21903278,USD,Bread (brown),KG,9,2016,
1125,1125,1077,Lesotho,1.2249140785,USD,Bread (brown),KG,10,2016,
1126,1126,1078,Lesotho,1.224837698,USD,Bread (brown),KG,11,2016,
1127,1127,1079,Lesotho,1.2250668395,USD,Bread (brown),KG,12,2016,
1128,1128,1080,Lesotho,1.2312536600000001,USD,Bread (brown),KG,1,2017,
1129,1129,1081,Lesotho,1.2307189965,USD,Bread (brown),KG,2,2017,
1130,1130,1082,Lesotho,1.2368294364999999,USD,Bread (brown),KG,3,2017,
1131,1131,1083,Lesotho,1.2488211750000002,USD,Bread (brown),KG,4,2017,
1132,1132,1084,Lesotho,1.2380515245000001,USD,Bread (brown),KG,5,2017,
1133,1133,1085,Lesotho,1.236447534,USD,Bread (brown),KG,6,2017,
1134,1134,1086,Lesotho,1.238280666,USD,Bread (brown),KG,7,2017,
1135,1135,1087,Lesotho,1.24041932,USD,Bread (brown),KG,8,2017,
1136,1136,1088,Lesotho,1.2382042855000002,USD,Bread (brown),KG,9,2017,
1137,1137,1089,Lesotho,1.2351490655,USD,Bread (brown),KG,10,2017,
1138,1138,1138,Nigeria,0.69,USD,Bread,KG,5,2014,
1139,1139,1139,Nigeria,1.09,USD,Bread,KG,7,2014,
1140,1140,1140,Nigeria,1.08,USD,Bread,KG,8,2014,
1141,1141,1141,Nigeria,1.09,USD,Bread,KG,9,2014,
1142,1142,1142,Nigeria,1.05,USD,Bread,KG,10,2014,
1143,1143,1143,Nigeria,1.06,USD,Bread,KG,11,2014,
1144,1144,1144,Nigeria,1.03,USD,Bread,KG,12,2014,
1145,1145,1145,Nigeria,1.02,USD,Bread,KG,1,2015,
1146,1146,1146,Nigeria,1.02,USD,Bread,KG,2,2015,
1147,1147,1147,Nigeria,1.03,USD,Bread,KG,3,2015,
1148,1148,1148,Nigeria,1.03,USD,Bread,KG,4,2015,
1149,1149,1149,Nigeria,1.06,USD,Bread,KG,5,2015,
1150,1150,1150,Nigeria,1.06,USD,Bread,KG,6,2015,
1151,1151,1151,Nigeria,1.07,USD,Bread,KG,7,2015,
1152,1152,1152,Nigeria,1.05,USD,Bread,KG,8,2015,
1153,1153,1153,Nigeria,1.07,USD,Bread,KG,9,2015,
1154,1154,1154,Nigeria,1.07,USD,Bread,KG,10,2015,
1155,1155,1155,Nigeria,1.07,USD,Bread,KG,11,2015,
1156,1156,1156,Nigeria,1.06,USD,Bread,KG,12,2015,
1157,1157,1157,Nigeria,1.08,USD,Bread,KG,1,2016,
1158,1158,1158,Nigeria,1.12,USD,Bread,KG,2,2016,
1159,1159,1159,Nigeria,1.16,USD,Bread,KG,3,2016,
1160,1160,1160,Nigeria,1.17,USD,Bread,KG,4,2016,
1161,1161,1161,Nigeria,1.13,USD,Bread,KG,5,2016,
1162,1162,1162,Nigeria,1.12,USD,Bread,KG,6,2016,
1163,1163,1163,Nigeria,1.17,USD,Bread,KG,7,2016,
1164,1164,1164,Nigeria,1.3,USD,Bread,KG,8,2016,
1165,1165,1165,Nigeria,1.29,USD,Bread,KG,9,2016,
1166,1166,1166,Nigeria,1.32,USD,Bread,KG,10,2016,
1167,1167,1167,Nigeria,1.37,USD,Bread,KG,11,2016,
1168,1168,1168,Nigeria,1.39,USD,Bread,KG,12,2016,
1169,1169,1169,Nigeria,1.45,USD,Bread,KG,1,2017,
1170,1170,1170,Nigeria,1.38,USD,Bread,KG,2,2017,
1171,1171,1171,Nigeria,1.37,USD,Bread,KG,3,2017,
1172,1172,1172,Nigeria,1.42,USD,Bread,KG,4,2017,
1173,1173,1173,Nigeria,1.55,USD,Bread,KG,5,2017,
1174,1174,1174,Nigeria,1.45,USD,Bread,KG,6,2017,
1175,1175,1175,Nigeria,1.6,USD,Bread,KG,7,2017,
1176,1176,1176,Nigeria,1.52,USD,Bread,KG,8,2017,
1177,1177,1177,Nigeria,1.56,USD,Bread,KG,9,2017,
1178,1178,1178,Nigeria,1.59,USD,Bread,KG,10,2017,
1179,1179,1310,Syrian Arab Republic,0.02,USD,Bread (shop),KG,4,2011,
1180,1180,1311,Syrian Arab Republic,0.02,USD,Bread (shop),KG,5,2011,
1181,1181,1312,Syrian Arab Republic,0.02,USD,Bread (shop),KG,6,2011,
1182,1182,1313,Syrian Arab Republic,0.02,USD,Bread (shop),KG,7,2011,
1183,1183,1314,Syrian Arab Republic,0.02,USD,Bread (shop),KG,8,2011,
1184,1184,1315,Syrian Arab Republic,0.02,USD,Bread (shop),KG,9,2011,
1185,1185,1316,Syrian Arab Republic,0.02,USD,Bread (shop),KG,10,2011,
1186,1186,1317,Syrian Arab Republic,0.02,USD,Bread (shop),KG,11,2011,
1187,1187,1318,Syrian Arab Republic,0.02,USD,Bread (shop),KG,12,2011,
1188,1188,1287,Syrian Arab Republic,0.02,USD,Bread (shop),KG,1,2012,
1189,1189,1288,Syrian Arab Republic,0.02,USD,Bread (shop),KG,2,2012,
1190,1190,1289,Syrian Arab Republic,0.01,USD,Bread (shop),KG,3,2012,
1191,1191,1290,Syrian Arab Republic,0.01,USD,Bread (shop),KG,4,2012,
1192,1192,1291,Syrian Arab Republic,0.01,USD,Bread (shop),KG,5,2012,
1193,1193,1292,Syrian Arab Republic,0.03,USD,Bread (shop),KG,7,2012,
1194,1194,1224,Syrian Arab Republic,0.02,USD,Bread (bakery),KG,7,2012,
1195,1195,1293,Syrian Arab Republic,0.03,USD,Bread (shop),KG,8,2012,
1196,1196,1225,Syrian Arab Republic,0.02,USD,Bread (bakery),KG,8,2012,
1197,1197,1294,Syrian Arab Republic,0.03,USD,Bread (shop),KG,9,2012,
1198,1198,1226,Syrian Arab Republic,0.02,USD,Bread (bakery),KG,9,2012,
1199,1199,1295,Syrian Arab Republic,0.03,USD,Bread (shop),KG,10,2012,
1200,1200,1227,Syrian Arab Republic,0.03,USD,Bread (bakery),KG,10,2012,
1201,1201,1228,Syrian Arab Republic,0.03,USD,Bread (bakery),KG,11,2012,
1202,1202,1296,Syrian Arab Republic,0.04,USD,Bread (shop),KG,11,2012,
1203,1203,1229,Syrian Arab Republic,0.03,USD,Bread (bakery),KG,12,2012,
1204,1204,1297,Syrian Arab Republic,0.07,USD,Bread (shop),KG,12,2012,
1205,1205,1298,Syrian Arab Republic,0.06,USD,Bread (shop),KG,1,2013,
1206,1206,1230,Syrian Arab Republic,0.03,USD,Bread (bakery),KG,1,2013,
1207,1207,1299,Syrian Arab Republic,0.06,USD,Bread (shop),KG,2,2013,
1208,1208,1231,Syrian Arab Republic,0.03,USD,Bread (bakery),KG,2,2013,
1209,1209,1300,Syrian Arab Republic,0.07,USD,Bread (shop),KG,3,2013,
1210,1210,1232,Syrian Arab Republic,0.04,USD,Bread (bakery),KG,3,2013,
1211,1211,1301,Syrian Arab Republic,0.07,USD,Bread (shop),KG,4,2013,
1212,1212,1233,Syrian Arab Republic,0.04,USD,Bread (bakery),KG,4,2013,
1213,1213,1234,Syrian Arab Republic,0.03,USD,Bread (bakery),KG,5,2013,
1214,1214,1302,Syrian Arab Republic,0.05,USD,Bread (shop),KG,5,2013,
1215,1215,1303,Syrian Arab Republic,0.05,USD,Bread (shop),KG,6,2013,
1216,1216,1235,Syrian Arab Republic,0.03,USD,Bread (bakery),KG,6,2013,
1217,1217,1304,Syrian Arab Republic,0.07,USD,Bread (shop),KG,7,2013,
1218,1218,1236,Syrian Arab Republic,0.04,USD,Bread (bakery),KG,7,2013,
1219,1219,1237,Syrian Arab Republic,0.03,USD,Bread (bakery),KG,8,2013,
1220,1220,1305,Syrian Arab Republic,0.07,USD,Bread (shop),KG,8,2013,
1221,1221,1306,Syrian Arab Republic,0.07,USD,Bread (shop),KG,9,2013,
1222,1222,1238,Syrian Arab Republic,0.03,USD,Bread (bakery),KG,9,2013,
1223,1223,1239,Syrian Arab Republic,0.03,USD,Bread (bakery),KG,10,2013,
1224,1224,1307,Syrian Arab Republic,0.08,USD,Bread (shop),KG,10,2013,
1225,1225,1308,Syrian Arab Republic,0.06,USD,Bread (shop),KG,11,2013,
1226,1226,1240,Syrian Arab Republic,0.02,USD,Bread (bakery),KG,11,2013,
1227,1227,1309,Syrian Arab Republic,0.07,USD,Bread (shop),KG,12,2013,
1228,1228,1241,Syrian Arab Republic,0.02,USD,Bread (bakery),KG,12,2013,
1229,1229,1179,Syrian Arab Republic,0.03,USD,Bread (bakery),KG,1,2014,
1230,1230,1242,Syrian Arab Republic,0.06,USD,Bread (shop),KG,1,2014,
1231,1231,1180,Syrian Arab Republic,0.03,USD,Bread (bakery),KG,2,2014,
1232,1232,1243,Syrian Arab Republic,0.06,USD,Bread (shop),KG,2,2014,
1233,1233,1181,Syrian Arab Republic,0.03,USD,Bread (bakery),KG,3,2014,
1234,1234,1244,Syrian Arab Republic,0.06,USD,Bread (shop),KG,3,2014,
1235,1235,1245,Syrian Arab Republic,0.06,USD,Bread (shop),KG,4,2014,
1236,1236,1182,Syrian Arab Republic,0.03,USD,Bread (bakery),KG,4,2014,
1237,1237,1246,Syrian Arab Republic,0.06,USD,Bread (shop),KG,5,2014,
1238,1238,1183,Syrian Arab Republic,0.03,USD,Bread (bakery),KG,5,2014,
1239,1239,1247,Syrian Arab Republic,0.06,USD,Bread (shop),KG,6,2014,
1240,1240,1184,Syrian Arab Republic,0.03,USD,Bread (bakery),KG,6,2014,
1241,1241,1248,Syrian Arab Republic,0.07,USD,Bread (shop),KG,7,2014,
1242,1242,1185,Syrian Arab Republic,0.03,USD,Bread (bakery),KG,7,2014,
1243,1243,1249,Syrian Arab Republic,0.08,USD,Bread (shop),KG,8,2014,
1244,1244,1186,Syrian Arab Republic,0.04,USD,Bread (bakery),KG,8,2014,
1245,1245,1250,Syrian Arab Republic,0.08,USD,Bread (shop),KG,9,2014,
1246,1246,1187,Syrian Arab Republic,0.05,USD,Bread (bakery),KG,9,2014,
1247,1247,1251,Syrian Arab Republic,0.08,USD,Bread (shop),KG,10,2014,
1248,1248,1188,Syrian Arab Republic,0.05,USD,Bread (bakery),KG,10,2014,
1249,1249,1189,Syrian Arab Republic,0.05,USD,Bread (bakery),KG,11,2014,
1250,1250,1252,Syrian Arab Republic,0.08,USD,Bread (shop),KG,11,2014,
1251,1251,1253,Syrian Arab Republic,0.08,USD,Bread (shop),KG,12,2014,
1252,1252,1190,Syrian Arab Republic,0.04,USD,Bread (bakery),KG,12,2014,
1253,1253,1191,Syrian Arab Republic,0.05,USD,Bread (bakery),KG,1,2015,
1254,1254,1254,Syrian Arab Republic,0.09,USD,Bread (shop),KG,1,2015,
1255,1255,1255,Syrian Arab Republic,0.1,USD,Bread (shop),KG,2,2015,
1256,1256,1192,Syrian Arab Republic,0.05,USD,Bread (bakery),KG,2,2015,
1257,1257,1193,Syrian Arab Republic,0.05,USD,Bread (bakery),KG,3,2015,
1258,1258,1256,Syrian Arab Republic,0.12,USD,Bread (shop),KG,3,2015,
1259,1259,1257,Syrian Arab Republic,0.12,USD,Bread (shop),KG,4,2015,
1260,1260,1194,Syrian Arab Republic,0.05,USD,Bread (bakery),KG,4,2015,
1261,1261,1195,Syrian Arab Republic,0.05,USD,Bread (bakery),KG,5,2015,
1262,1262,1258,Syrian Arab Republic,0.13,USD,Bread (shop),KG,5,2015,
1263,1263,1259,Syrian Arab Republic,0.13,USD,Bread (shop),KG,6,2015,
1264,1264,1196,Syrian Arab Republic,0.07,USD,Bread (bakery),KG,6,2015,
1265,1265,1197,Syrian Arab Republic,0.07,USD,Bread (bakery),KG,7,2015,
1266,1266,1260,Syrian Arab Republic,0.13,USD,Bread (shop),KG,7,2015,
1267,1267,1198,Syrian Arab Republic,0.09,USD,Bread (bakery),KG,8,2015,
1268,1268,1261,Syrian Arab Republic,0.1,USD,Bread (shop),KG,8,2015,
1269,1269,1199,Syrian Arab Republic,0.09,USD,Bread (bakery),KG,9,2015,
1270,1270,1262,Syrian Arab Republic,0.13,USD,Bread (shop),KG,9,2015,
1271,1271,1200,Syrian Arab Republic,0.1,USD,Bread (bakery),KG,10,2015,
1272,1272,1263,Syrian Arab Republic,0.14,USD,Bread (shop),KG,10,2015,
1273,1273,1264,Syrian Arab Republic,0.15,USD,Bread (shop),KG,11,2015,
1274,1274,1201,Syrian Arab Republic,0.1,USD,Bread (bakery),KG,11,2015,
1275,1275,1202,Syrian Arab Republic,0.1,USD,Bread (bakery),KG,12,2015,
1276,1276,1265,Syrian Arab Republic,0.17,USD,Bread (shop),KG,12,2015,
1277,1277,1266,Syrian Arab Republic,0.17,USD,Bread (shop),KG,1,2016,
1278,1278,1203,Syrian Arab Republic,0.1,USD,Bread (bakery),KG,1,2016,
1279,1279,1204,Syrian Arab Republic,0.1,USD,Bread (bakery),KG,2,2016,
1280,1280,1267,Syrian Arab Republic,0.17,USD,Bread (shop),KG,2,2016,
1281,1281,1205,Syrian Arab Republic,0.1,USD,Bread (bakery),KG,3,2016,
1282,1282,1268,Syrian Arab Republic,0.15,USD,Bread (shop),KG,3,2016,
1283,1283,1269,Syrian Arab Republic,0.16,USD,Bread (shop),KG,4,2016,
1284,1284,1206,Syrian Arab Republic,0.11,USD,Bread (bakery),KG,4,2016,
1285,1285,1207,Syrian Arab Republic,0.11,USD,Bread (bakery),KG,5,2016,
1286,1286,1270,Syrian Arab Republic,0.17,USD,Bread (shop),KG,5,2016,
1287,1287,1208,Syrian Arab Republic,0.1,USD,Bread (bakery),KG,6,2016,
1288,1288,1271,Syrian Arab Republic,0.17,USD,Bread (shop),KG,6,2016,
1289,1289,1209,Syrian Arab Republic,0.11,USD,Bread (bakery),KG,7,2016,
1290,1290,1272,Syrian Arab Republic,0.17,USD,Bread (shop),KG,7,2016,
1291,1291,1273,Syrian Arab Republic,0.18,USD,Bread (shop),KG,8,2016,
1292,1292,1210,Syrian Arab Republic,0.12,USD,Bread (bakery),KG,8,2016,
1293,1293,1274,Syrian Arab Republic,0.22,USD,Bread (shop),KG,9,2016,
1294,1294,1211,Syrian Arab Republic,0.12,USD,Bread (bakery),KG,9,2016,
1295,1295,1275,Syrian Arab Republic,0.19,USD,Bread (shop),KG,10,2016,
1296,1296,1212,Syrian Arab Republic,0.11,USD,Bread (bakery),KG,10,2016,
1297,1297,1276,Syrian Arab Republic,0.22,USD,Bread (shop),KG,11,2016,
1298,1298,1213,Syrian Arab Republic,0.1,USD,Bread (bakery),KG,11,2016,
1299,1299,1214,Syrian Arab Republic,0.18,USD,Bread (bakery),KG,12,2016,
1300,1300,1277,Syrian Arab Republic,0.3,USD,Bread (shop),KG,12,2016,
1301,1301,1278,Syrian Arab Republic,0.18,USD,Bread (shop),KG,1,2017,
1302,1302,1215,Syrian Arab Republic,0.1,USD,Bread (bakery),KG,1,2017,
1303,1303,1279,Syrian Arab Republic,0.17,USD,Bread (shop),KG,2,2017,
1304,1304,1216,Syrian Arab Republic,0.1,USD,Bread (bakery),KG,2,2017,
1305,1305,1217,Syrian Arab Republic,0.1,USD,Bread (bakery),KG,3,2017,
1306,1306,1280,Syrian Arab Republic,0.18,USD,Bread (shop),KG,3,2017,
1307,1307,1218,Syrian Arab Republic,0.1,USD,Bread (bakery),KG,4,2017,
1308,1308,1281,Syrian Arab Republic,0.17,USD,Bread (shop),KG,4,2017,
1309,1309,1219,Syrian Arab Republic,0.1,USD,Bread (bakery),KG,5,2017,
1310,1310,1282,Syrian Arab Republic,0.17,USD,Bread (shop),KG,5,2017,
1311,1311,1220,Syrian Arab Republic,0.1,USD,Bread (bakery),KG,6,2017,
1312,1312,1283,Syrian Arab Republic,0.17,USD,Bread (shop),KG,6,2017,
1313,1313,1284,Syrian Arab Republic,0.17,USD,Bread (shop),KG,7,2017,
1314,1314,1221,Syrian Arab Republic,0.1,USD,Bread (bakery),KG,7,2017,
1315,1315,1222,Syrian Arab Republic,0.1,USD,Bread (bakery),KG,8,2017,
1316,1316,1285,Syrian Arab Republic,0.17,USD,Bread (shop),KG,8,2017,
1317,1317,1223,Syrian Arab Republic,0.11,USD,Bread (bakery),KG,9,2017,
1318,1318,1286,Syrian Arab Republic,0.18,USD,Bread (shop),KG,9,2017,
1319,1319,1410,Tajikistan,0.2,USD,Bread,KG,1,2002,
1320,1320,1411,Tajikistan,0.2,USD,Bread,KG,2,2002,
1321,1321,1412,Tajikistan,0.17,USD,Bread,KG,3,2002,
1322,1322,1413,Tajikistan,0.2,USD,Bread,KG,4,2002,
1323,1323,1414,Tajikistan,0.21,USD,Bread,KG,5,2002,
1324,1324,1415,Tajikistan,0.2,USD,Bread,KG,6,2002,
1325,1325,1416,Tajikistan,0.21,USD,Bread,KG,7,2002,
1326,1326,1417,Tajikistan,0.2,USD,Bread,KG,8,2002,
1327,1327,1418,Tajikistan,0.21,USD,Bread,KG,9,2002,
1328,1328,1419,Tajikistan,0.22,USD,Bread,KG,10,2002,
1329,1329,1420,Tajikistan,0.19,USD,Bread,KG,11,2002,
1330,1330,1421,Tajikistan,0.21,USD,Bread,KG,12,2002,
1331,1331,1422,Tajikistan,0.18,USD,Bread,KG,1,2003,
1332,1332,1423,Tajikistan,0.18,USD,Bread,KG,2,2003,
1333,1333,1424,Tajikistan,0.23,USD,Bread,KG,3,2003,
1334,1334,1425,Tajikistan,0.24,USD,Bread,KG,4,2003,
1335,1335,1426,Tajikistan,0.16,USD,Bread,KG,5,2003,
1336,1336,1427,Tajikistan,0.25,USD,Bread,KG,6,2003,
1337,1337,1428,Tajikistan,0.25,USD,Bread,KG,7,2003,
1338,1338,1429,Tajikistan,0.27,USD,Bread,KG,8,2003,
1339,1339,1430,Tajikistan,0.27,USD,Bread,KG,9,2003,
1340,1340,1431,Tajikistan,0.36,USD,Bread,KG,10,2003,
1341,1341,1432,Tajikistan,0.43,USD,Bread,KG,11,2003,
1342,1342,1433,Tajikistan,0.23,USD,Bread,KG,12,2003,
1343,1343,1434,Tajikistan,0.43,USD,Bread,KG,1,2004,
1344,1344,1435,Tajikistan,0.48,USD,Bread,KG,2,2004,
1345,1345,1436,Tajikistan,0.46,USD,Bread,KG,3,2004,
1346,1346,1437,Tajikistan,0.44,USD,Bread,KG,4,2004,
1347,1347,1438,Tajikistan,0.42,USD,Bread,KG,5,2004,
1348,1348,1439,Tajikistan,0.42,USD,Bread,KG,6,2004,
1349,1349,1440,Tajikistan,0.44,USD,Bread,KG,7,2004,
1350,1350,1441,Tajikistan,0.45,USD,Bread,KG,8,2004,
1351,1351,1442,Tajikistan,0.45,USD,Bread,KG,9,2004,
1352,1352,1443,Tajikistan,0.45,USD,Bread,KG,10,2004,
1353,1353,1444,Tajikistan,0.46,USD,Bread,KG,11,2004,
1354,1354,1445,Tajikistan,0.41,USD,Bread,KG,12,2004,
1355,1355,1446,Tajikistan,0.44,USD,Bread,KG,1,2005,
1356,1356,1447,Tajikistan,0.48,USD,Bread,KG,2,2005,
1357,1357,1448,Tajikistan,0.46,USD,Bread,KG,3,2005,
1358,1358,1449,Tajikistan,0.48,USD,Bread,KG,4,2005,
1359,1359,1450,Tajikistan,0.49,USD,Bread,KG,5,2005,
1360,1360,1451,Tajikistan,0.5,USD,Bread,KG,6,2005,
1361,1361,1452,Tajikistan,0.45,USD,Bread,KG,7,2005,
1362,1362,1453,Tajikistan,0.44,USD,Bread,KG,8,2005,
1363,1363,1454,Tajikistan,0.44,USD,Bread,KG,9,2005,
1364,1364,1455,Tajikistan,0.45,USD,Bread,KG,10,2005,
1365,1365,1456,Tajikistan,0.45,USD,Bread,KG,11,2005,
1366,1366,1457,Tajikistan,0.46,USD,Bread,KG,12,2005,
1367,1367,1458,Tajikistan,0.46,USD,Bread,KG,1,2006,
1368,1368,1459,Tajikistan,0.46,USD,Bread,KG,2,2006,
1369,1369,1460,Tajikistan,0.46,USD,Bread,KG,3,2006,
1370,1370,1461,Tajikistan,0.47,USD,Bread,KG,4,2006,
1371,1371,1462,Tajikistan,0.47,USD,Bread,KG,5,2006,
1372,1372,1463,Tajikistan,0.47,USD,Bread,KG,6,2006,
1373,1373,1464,Tajikistan,0.48,USD,Bread,KG,7,2006,
1374,1374,1465,Tajikistan,0.54,USD,Bread,KG,8,2006,
1375,1375,1466,Tajikistan,0.53,USD,Bread,KG,9,2006,
1376,1376,1467,Tajikistan,0.53,USD,Bread,KG,10,2006,
1377,1377,1468,Tajikistan,0.52,USD,Bread,KG,11,2006,
1378,1378,1469,Tajikistan,0.54,USD,Bread,KG,12,2006,
1379,1379,1470,Tajikistan,0.5,USD,Bread,KG,1,2007,
1380,1380,1471,Tajikistan,0.6,USD,Bread,KG,2,2007,
1381,1381,1472,Tajikistan,0.53,USD,Bread,KG,3,2007,
1382,1382,1473,Tajikistan,0.57,USD,Bread,KG,4,2007,
1383,1383,1474,Tajikistan,0.58,USD,Bread,KG,5,2007,
1384,1384,1475,Tajikistan,0.52,USD,Bread,KG,6,2007,
1385,1385,1476,Tajikistan,0.55,USD,Bread,KG,7,2007,
1386,1386,1477,Tajikistan,0.57,USD,Bread,KG,8,2007,
1387,1387,1478,Tajikistan,0.85,USD,Bread,KG,9,2007,
1388,1388,1479,Tajikistan,0.85,USD,Bread,KG,10,2007,
1389,1389,1480,Tajikistan,0.91,USD,Bread,KG,11,2007,
1390,1390,1481,Tajikistan,0.91,USD,Bread,KG,12,2007,
1391,1391,1482,Tajikistan,0.99,USD,Bread,KG,1,2008,
1392,1392,1483,Tajikistan,0.99,USD,Bread,KG,2,2008,
1393,1393,1484,Tajikistan,0.99,USD,Bread,KG,3,2008,
1394,1394,1485,Tajikistan,1.01,USD,Bread,KG,4,2008,
1395,1395,1486,Tajikistan,0.99,USD,Bread,KG,5,2008,
1396,1396,1487,Tajikistan,0.99,USD,Bread,KG,6,2008,
1397,1397,1488,Tajikistan,1.08,USD,Bread,KG,7,2008,
1398,1398,1489,Tajikistan,1.06,USD,Bread,KG,8,2008,
1399,1399,1490,Tajikistan,1.06,USD,Bread,KG,9,2008,
1400,1400,1491,Tajikistan,0.97,USD,Bread,KG,10,2008,
1401,1401,1492,Tajikistan,0.96,USD,Bread,KG,11,2008,
1402,1402,1493,Tajikistan,0.96,USD,Bread,KG,12,2008,
1403,1403,1494,Tajikistan,0.96,USD,Bread,KG,1,2009,
1404,1404,1495,Tajikistan,0.94,USD,Bread,KG,2,2009,
1405,1405,1496,Tajikistan,0.9,USD,Bread,KG,3,2009,
1406,1406,1497,Tajikistan,0.91,USD,Bread,KG,4,2009,
1407,1407,1498,Tajikistan,0.93,USD,Bread,KG,5,2009,
1408,1408,1499,Tajikistan,0.97,USD,Bread,KG,6,2009,
1409,1409,1500,Tajikistan,0.97,USD,Bread,KG,7,2009,
1410,1410,1501,Tajikistan,0.97,USD,Bread,KG,8,2009,
1411,1411,1502,Tajikistan,0.97,USD,Bread,KG,9,2009,
1412,1412,1503,Tajikistan,0.91,USD,Bread,KG,10,2009,
1413,1413,1504,Tajikistan,0.91,USD,Bread,KG,11,2009,
1414,1414,1505,Tajikistan,0.97,USD,Bread,KG,12,2009,
1415,1415,1386,Tajikistan,0.9,USD,Bread,KG,1,2010,
1416,1416,1387,Tajikistan,0.91,USD,Bread,KG,2,2010,
1417,1417,1388,Tajikistan,0.9,USD,Bread,KG,3,2010,
1418,1418,1389,Tajikistan,0.89,USD,Bread,KG,4,2010,
1419,1419,1390,Tajikistan,0.84,USD,Bread,KG,5,2010,
1420,1420,1391,Tajikistan,0.86,USD,Bread,KG,6,2010,
1421,1421,1392,Tajikistan,0.91,USD,Bread,KG,7,2010,
1422,1422,1393,Tajikistan,0.93,USD,Bread,KG,8,2010,
1423,1423,1394,Tajikistan,1.01,USD,Bread,KG,9,2010,
1424,1424,1395,Tajikistan,1.07,USD,Bread,KG,10,2010,
1425,1425,1396,Tajikistan,1.09,USD,Bread,KG,11,2010,
1426,1426,1397,Tajikistan,1.09,USD,Bread,KG,12,2010,
1427,1427,1398,Tajikistan,1.09,USD,Bread,KG,1,2011,
1428,1428,1399,Tajikistan,1.11,USD,Bread,KG,2,2011,
1429,1429,1400,Tajikistan,1.11,USD,Bread,KG,3,2011,
1430,1430,1401,Tajikistan,1.09,USD,Bread,KG,4,2011,
1431,1431,1402,Tajikistan,0.93,USD,Bread,KG,5,2011,
1432,1432,1403,Tajikistan,0.93,USD,Bread,KG,6,2011,
1433,1433,1404,Tajikistan,0.93,USD,Bread,KG,7,2011,
1434,1434,1405,Tajikistan,0.93,USD,Bread,KG,8,2011,
1435,1435,1406,Tajikistan,0.93,USD,Bread,KG,9,2011,
1436,1436,1407,Tajikistan,0.93,USD,Bread,KG,10,2011,
1437,1437,1408,Tajikistan,0.91,USD,Bread,KG,11,2011,
1438,1438,1409,Tajikistan,0.93,USD,Bread,KG,12,2011,
1439,1439,1362,Tajikistan,0.78,USD,Bread,KG,1,2012,
1440,1440,1363,Tajikistan,0.78,USD,Bread,KG,2,2012,
1441,1441,1364,Tajikistan,0.79,USD,Bread,KG,3,2012,
1442,1442,1365,Tajikistan,0.77,USD,Bread,KG,4,2012,
1443,1443,1366,Tajikistan,0.77,USD,Bread,KG,5,2012,
1444,1444,1367,Tajikistan,0.77,USD,Bread,KG,6,2012,
1445,1445,1368,Tajikistan,0.78,USD,Bread,KG,7,2012,
1446,1446,1369,Tajikistan,0.8,USD,Bread,KG,8,2012,
1447,1447,1370,Tajikistan,0.8,USD,Bread,KG,9,2012,
1448,1448,1371,Tajikistan,0.94,USD,Bread,KG,10,2012,
1449,1449,1372,Tajikistan,0.94,USD,Bread,KG,11,2012,
1450,1450,1373,Tajikistan,0.94,USD,Bread,KG,12,2012,
1451,1451,1374,Tajikistan,0.93,USD,Bread,KG,1,2013,
1452,1452,1375,Tajikistan,0.93,USD,Bread,KG,2,2013,
1453,1453,1376,Tajikistan,0.93,USD,Bread,KG,3,2013,
1454,1454,1377,Tajikistan,0.93,USD,Bread,KG,4,2013,
1455,1455,1378,Tajikistan,0.93,USD,Bread,KG,5,2013,
1456,1456,1379,Tajikistan,0.93,USD,Bread,KG,6,2013,
1457,1457,1380,Tajikistan,0.93,USD,Bread,KG,7,2013,
1458,1458,1381,Tajikistan,0.93,USD,Bread,KG,8,2013,
1459,1459,1382,Tajikistan,0.93,USD,Bread,KG,9,2013,
1460,1460,1383,Tajikistan,0.93,USD,Bread,KG,10,2013,
1461,1461,1384,Tajikistan,0.93,USD,Bread,KG,11,2013,
1462,1462,1385,Tajikistan,0.94,USD,Bread,KG,12,2013,
1463,1463,1319,Tajikistan,0.94,USD,Bread,KG,1,2014,
1464,1464,1320,Tajikistan,0.94,USD,Bread,KG,2,2014,
1465,1465,1321,Tajikistan,0.94,USD,Bread,KG,3,2014,
1466,1466,1322,Tajikistan,0.94,USD,Bread,KG,4,2014,
1467,1467,1323,Tajikistan,0.96,USD,Bread,KG,5,2014,
1468,1468,1324,Tajikistan,0.96,USD,Bread,KG,6,2014,
1469,1469,1325,Tajikistan,1.03,USD,Bread,KG,8,2014,
1470,1470,1326,Tajikistan,0.96,USD,Bread,KG,9,2014,
1471,1471,1327,Tajikistan,1.0,USD,Bread,KG,10,2014,
1472,1472,1328,Tajikistan,0.96,USD,Bread,KG,11,2014,
1473,1473,1329,Tajikistan,0.99,USD,Bread,KG,1,2015,
1474,1474,1330,Tajikistan,1.12,USD,Bread,KG,3,2015,
1475,1475,1331,Tajikistan,1.14,USD,Bread,KG,4,2015,
1476,1476,1332,Tajikistan,1.22,USD,Bread,KG,5,2015,
1477,1477,1333,Tajikistan,1.22,USD,Bread,KG,6,2015,
1478,1478,1334,Tajikistan,1.26,USD,Bread,KG,7,2015,
1479,1479,1335,Tajikistan,1.26,USD,Bread,KG,8,2015,
1480,1480,1336,Tajikistan,1.32,USD,Bread,KG,9,2015,
1481,1481,1337,Tajikistan,1.32,USD,Bread,KG,10,2015,
1482,1482,1338,Tajikistan,1.33,USD,Bread,KG,11,2015,
1483,1483,1339,Tajikistan,1.34,USD,Bread,KG,12,2015,
1484,1484,1340,Tajikistan,1.34,USD,Bread,KG,1,2016,
1485,1485,1341,Tajikistan,1.36,USD,Bread,KG,2,2016,
1486,1486,1342,Tajikistan,1.36,USD,Bread,KG,3,2016,
1487,1487,1343,Tajikistan,1.36,USD,Bread,KG,4,2016,
1488,1488,1344,Tajikistan,1.35,USD,Bread,KG,5,2016,
1489,1489,1345,Tajikistan,1.36,USD,Bread,KG,6,2016,
1490,1490,1346,Tajikistan,1.38,USD,Bread,KG,7,2016,
1491,1491,1347,Tajikistan,1.34,USD,Bread,KG,8,2016,
1492,1492,1348,Tajikistan,1.34,USD,Bread,KG,9,2016,
1493,1493,1349,Tajikistan,1.34,USD,Bread,KG,10,2016,
1494,1494,1350,Tajikistan,1.32,USD,Bread,KG,11,2016,
1495,1495,1351,Tajikistan,1.32,USD,Bread,KG,12,2016,
1496,1496,1352,Tajikistan,1.32,USD,Bread,KG,1,2017,
1497,1497,1353,Tajikistan,1.32,USD,Bread,KG,2,2017,
1498,1498,1354,Tajikistan,1.32,USD,Bread,KG,3,2017,
1499,1499,1355,Tajikistan,1.32,USD,Bread,KG,4,2017,
1500,1500,1356,Tajikistan,1.32,USD,Bread,KG,5,2017,
1501,1501,1357,Tajikistan,1.32,USD,Bread,KG,6,2017,
1502,1502,1358,Tajikistan,1.32,USD,Bread,KG,7,2017,
1503,1503,1359,Tajikistan,1.29,USD,Bread,KG,8,2017,
1504,1504,1360,Tajikistan,1.32,USD,Bread,KG,9,2017,
1505,1505,1361,Tajikistan,1.29,USD,Bread,KG,10,2017,
1506,1506,1571,Turkey,0.61,USD,Bread (common),KG,5,2013,
1507,1507,1572,Turkey,0.62,USD,Bread (common),KG,6,2013,
1508,1508,1573,Turkey,0.64,USD,Bread (common),KG,11,2013,
1509,1509,1574,Turkey,0.64,USD,Bread (common),KG,12,2013,
1510,1510,1528,Turkey,0.66,USD,Bread (common),KG,1,2014,
1511,1511,1529,Turkey,0.68,USD,Bread (common),KG,2,2014,
1512,1512,1530,Turkey,0.68,USD,Bread (common),KG,3,2014,
1513,1513,1531,Turkey,0.69,USD,Bread (common),KG,5,2014,
1514,1514,1532,Turkey,0.71,USD,Bread (common),KG,6,2014,
1515,1515,1533,Turkey,0.72,USD,Bread (common),KG,7,2014,
1516,1516,1534,Turkey,0.72,USD,Bread (common),KG,8,2014,
1517,1517,1535,Turkey,0.72,USD,Bread (common),KG,9,2014,
1518,1518,1536,Turkey,0.62,USD,Bread (common),KG,10,2014,
1519,1519,1537,Turkey,0.64,USD,Bread (common),KG,11,2014,
1520,1520,1538,Turkey,0.63,USD,Bread (common),KG,12,2014,
1521,1521,1539,Turkey,0.66,USD,Bread (common),KG,1,2015,
1522,1522,1540,Turkey,0.66,USD,Bread (common),KG,2,2015,
1523,1523,1541,Turkey,0.65,USD,Bread (common),KG,3,2015,
1524,1524,1542,Turkey,0.64,USD,Bread (common),KG,4,2015,
1525,1525,1543,Turkey,0.64,USD,Bread (common),KG,5,2015,
1526,1526,1544,Turkey,0.64,USD,Bread (common),KG,6,2015,
1527,1527,1506,Turkey,0.5,USD,Bread (pita),KG,6,2015,
1528,1528,1507,Turkey,0.5,USD,Bread (pita),KG,7,2015,
1529,1529,1545,Turkey,0.64,USD,Bread (common),KG,7,2015,
1530,1530,1508,Turkey,0.51,USD,Bread (pita),KG,8,2015,
1531,1531,1546,Turkey,0.65,USD,Bread (common),KG,8,2015,
1532,1532,1547,Turkey,0.66,USD,Bread (common),KG,9,2015,
1533,1533,1509,Turkey,0.51,USD,Bread (pita),KG,9,2015,
1534,1534,1510,Turkey,0.52,USD,Bread (pita),KG,10,2015,
1535,1535,1548,Turkey,0.66,USD,Bread (common),KG,10,2015,
1536,1536,1549,Turkey,0.69,USD,Bread (common),KG,11,2015,
1537,1537,1511,Turkey,0.51,USD,Bread (pita),KG,11,2015,
1538,1538,1512,Turkey,0.52,USD,Bread (pita),KG,12,2015,
1539,1539,1550,Turkey,0.69,USD,Bread (common),KG,12,2015,
1540,1540,1551,Turkey,0.7,USD,Bread (common),KG,1,2016,
1541,1541,1513,Turkey,0.52,USD,Bread (pita),KG,1,2016,
1542,1542,1552,Turkey,0.71,USD,Bread (common),KG,2,2016,
1543,1543,1514,Turkey,0.52,USD,Bread (pita),KG,2,2016,
1544,1544,1553,Turkey,0.71,USD,Bread (common),KG,3,2016,
1545,1545,1515,Turkey,0.52,USD,Bread (pita),KG,3,2016,
1546,1546,1516,Turkey,0.54,USD,Bread (pita),KG,4,2016,
1547,1547,1554,Turkey,0.7,USD,Bread (common),KG,4,2016,
1548,1548,1517,Turkey,0.55,USD,Bread (pita),KG,5,2016,
1549,1549,1555,Turkey,0.73,USD,Bread (common),KG,5,2016,
1550,1550,1518,Turkey,0.55,USD,Bread (pita),KG,6,2016,
1551,1551,1556,Turkey,0.74,USD,Bread (common),KG,6,2016,
1552,1552,1519,Turkey,0.55,USD,Bread (pita),KG,7,2016,
1553,1553,1557,Turkey,0.74,USD,Bread (common),KG,7,2016,
1554,1554,1520,Turkey,0.55,USD,Bread (pita),KG,8,2016,
1555,1555,1558,Turkey,0.76,USD,Bread (common),KG,8,2016,
1556,1556,1559,Turkey,0.76,USD,Bread (common),KG,9,2016,
1557,1557,1521,Turkey,0.57,USD,Bread (pita),KG,9,2016,
1558,1558,1522,Turkey,0.52,USD,Bread (pita),KG,10,2016,
1559,1559,1560,Turkey,0.77,USD,Bread (common),KG,10,2016,
1560,1560,1523,Turkey,0.53,USD,Bread (pita),KG,11,2016,
1561,1561,1561,Turkey,0.78,USD,Bread (common),KG,11,2016,
1562,1562,1562,Turkey,0.83,USD,Bread (common),KG,12,2016,
1563,1563,1524,Turkey,0.55,USD,Bread (pita),KG,12,2016,
1564,1564,1525,Turkey,0.55,USD,Bread (pita),KG,1,2017,
1565,1565,1563,Turkey,0.88,USD,Bread (common),KG,1,2017,
1566,1566,1564,Turkey,0.88,USD,Bread (common),KG,2,2017,
1567,1567,1526,Turkey,0.55,USD,Bread (pita),KG,2,2017,
1568,1568,1565,Turkey,0.88,USD,Bread (common),KG,3,2017,
1569,1569,1527,Turkey,0.55,USD,Bread (pita),KG,3,2017,
1570,1570,1566,Turkey,0.91,USD,Bread (common),KG,4,2017,
1571,1571,1567,Turkey,0.93,USD,Bread (common),KG,5,2017,
1572,1572,1568,Turkey,0.93,USD,Bread (common),KG,6,2017,
1573,1573,1569,Turkey,0.93,USD,Bread (common),KG,7,2017,
1574,1574,1570,Turkey,0.93,USD,Bread (common),KG,8,2017,
1575,1575,1575,Ukraine,0.31,USD,Bread (wheat),KG,3,2014,
1576,1576,1618,Ukraine,0.31,USD,Bread (rye),KG,3,2014,
1577,1577,1619,Ukraine,0.32,USD,Bread (rye),KG,4,2014,
1578,1578,1576,Ukraine,0.32,USD,Bread (wheat),KG,4,2014,
1579,1579,1620,Ukraine,0.33,USD,Bread (rye),KG,5,2014,
1580,1580,1577,Ukraine,0.34,USD,Bread (wheat),KG,5,2014,
1581,1581,1621,Ukraine,0.34,USD,Bread (rye),KG,6,2014,
1582,1582,1578,Ukraine,0.35,USD,Bread (wheat),KG,6,2014,
1583,1583,1622,Ukraine,0.35,USD,Bread (rye),KG,7,2014,
1584,1584,1579,Ukraine,0.35,USD,Bread (wheat),KG,7,2014,
1585,1585,1623,Ukraine,0.35,USD,Bread (rye),KG,8,2014,
1586,1586,1580,Ukraine,0.36,USD,Bread (wheat),KG,8,2014,
1587,1587,1624,Ukraine,0.37,USD,Bread (rye),KG,9,2014,
1588,1588,1581,Ukraine,0.38,USD,Bread (wheat),KG,9,2014,
1589,1589,1582,Ukraine,0.4,USD,Bread (wheat),KG,10,2014,
1590,1590,1625,Ukraine,0.39,USD,Bread (rye),KG,10,2014,
1591,1591,1583,Ukraine,0.41,USD,Bread (wheat),KG,11,2014,
1592,1592,1626,Ukraine,0.4,USD,Bread (rye),KG,11,2014,
1593,1593,1627,Ukraine,0.4,USD,Bread (rye),KG,12,2014,
1594,1594,1584,Ukraine,0.42,USD,Bread (wheat),KG,12,2014,
1595,1595,1585,Ukraine,0.44,USD,Bread (wheat),KG,1,2015,
1596,1596,1628,Ukraine,0.42,USD,Bread (rye),KG,1,2015,
1597,1597,1629,Ukraine,0.45,USD,Bread (rye),KG,2,2015,
1598,1598,1586,Ukraine,0.48,USD,Bread (wheat),KG,2,2015,
1599,1599,1587,Ukraine,0.61,USD,Bread (wheat),KG,3,2015,
1600,1600,1630,Ukraine,0.58,USD,Bread (rye),KG,3,2015,
1601,1601,1631,Ukraine,0.6,USD,Bread (rye),KG,4,2015,
1602,1602,1588,Ukraine,0.64,USD,Bread (wheat),KG,4,2015,
1603,1603,1632,Ukraine,0.6,USD,Bread (rye),KG,5,2015,
1604,1604,1589,Ukraine,0.64,USD,Bread (wheat),KG,5,2015,
1605,1605,1590,Ukraine,0.64,USD,Bread (wheat),KG,6,2015,
1606,1606,1633,Ukraine,0.6,USD,Bread (rye),KG,6,2015,
1607,1607,1591,Ukraine,0.64,USD,Bread (wheat),KG,7,2015,
1608,1608,1634,Ukraine,0.6,USD,Bread (rye),KG,7,2015,
1609,1609,1635,Ukraine,0.6,USD,Bread (rye),KG,8,2015,
1610,1610,1592,Ukraine,0.64,USD,Bread (wheat),KG,8,2015,
1611,1611,1636,Ukraine,0.6,USD,Bread (rye),KG,9,2015,
1612,1612,1593,Ukraine,0.64,USD,Bread (wheat),KG,9,2015,
1613,1613,1637,Ukraine,0.6,USD,Bread (rye),KG,10,2015,
1614,1614,1594,Ukraine,0.64,USD,Bread (wheat),KG,10,2015,
1615,1615,1595,Ukraine,0.64,USD,Bread (wheat),KG,11,2015,
1616,1616,1638,Ukraine,0.6,USD,Bread (rye),KG,11,2015,
1617,1617,1596,Ukraine,0.66,USD,Bread (wheat),KG,12,2015,
1618,1618,1639,Ukraine,0.62,USD,Bread (rye),KG,12,2015,
1619,1619,1640,Ukraine,0.62,USD,Bread (rye),KG,1,2016,
1620,1620,1597,Ukraine,0.66,USD,Bread (wheat),KG,1,2016,
1621,1621,1598,Ukraine,0.66,USD,Bread (wheat),KG,2,2016,
1622,1622,1641,Ukraine,0.63,USD,Bread (rye),KG,2,2016,
1623,1623,1642,Ukraine,0.63,USD,Bread (rye),KG,3,2016,
1624,1624,1599,Ukraine,0.67,USD,Bread (wheat),KG,3,2016,
1625,1625,1643,Ukraine,0.63,USD,Bread (rye),KG,4,2016,
1626,1626,1600,Ukraine,0.67,USD,Bread (wheat),KG,4,2016,
1627,1627,1644,Ukraine,0.63,USD,Bread (rye),KG,5,2016,
1628,1628,1601,Ukraine,0.67,USD,Bread (wheat),KG,5,2016,
1629,1629,1645,Ukraine,0.63,USD,Bread (rye),KG,6,2016,
1630,1630,1602,Ukraine,0.67,USD,Bread (wheat),KG,6,2016,
1631,1631,1646,Ukraine,0.63,USD,Bread (rye),KG,7,2016,
1632,1632,1603,Ukraine,0.67,USD,Bread (wheat),KG,7,2016,
1633,1633,1604,Ukraine,0.67,USD,Bread (wheat),KG,8,2016,
1634,1634,1647,Ukraine,0.64,USD,Bread (rye),KG,8,2016,
1635,1635,1605,Ukraine,0.67,USD,Bread (wheat),KG,9,2016,
1636,1636,1648,Ukraine,0.64,USD,Bread (rye),KG,9,2016,
1637,1637,1649,Ukraine,0.64,USD,Bread (rye),KG,10,2016,
1638,1638,1606,Ukraine,0.67,USD,Bread (wheat),KG,10,2016,
1639,1639,1607,Ukraine,0.68,USD,Bread (wheat),KG,11,2016,
1640,1640,1650,Ukraine,0.65,USD,Bread (rye),KG,11,2016,
1641,1641,1651,Ukraine,0.67,USD,Bread (rye),KG,12,2016,
1642,1642,1608,Ukraine,0.69,USD,Bread (wheat),KG,12,2016,
1643,1643,1652,Ukraine,0.68,USD,Bread (rye),KG,1,2017,
1644,1644,1609,Ukraine,0.71,USD,Bread (wheat),KG,1,2017,
1645,1645,1653,Ukraine,0.71,USD,Bread (rye),KG,2,2017,
1646,1646,1610,Ukraine,0.74,USD,Bread (wheat),KG,2,2017,
1647,1647,1654,Ukraine,0.73,USD,Bread (rye),KG,3,2017,
1648,1648,1611,Ukraine,0.76,USD,Bread (wheat),KG,3,2017,
1649,1649,1655,Ukraine,0.73,USD,Bread (rye),KG,4,2017,
1650,1650,1612,Ukraine,0.77,USD,Bread (wheat),KG,4,2017,
1651,1651,1656,Ukraine,0.74,USD,Bread (rye),KG,5,2017,
1652,1652,1613,Ukraine,0.77,USD,Bread (wheat),KG,5,2017,
1653,1653,1657,Ukraine,0.75,USD,Bread (rye),KG,6,2017,
1654,1654,1614,Ukraine,0.77,USD,Bread (wheat),KG,6,2017,
1655,1655,1658,Ukraine,0.75,USD,Bread (rye),KG,7,2017,
1656,1656,1615,Ukraine,0.78,USD,Bread (wheat),KG,7,2017,
1657,1657,1616,Ukraine,0.8,USD,Bread (wheat),KG,9,2017,
1658,1658,1659,Ukraine,0.77,USD,Bread (rye),KG,9,2017,
1659,1659,1617,Ukraine,0.81,USD,Bread (wheat),KG,10,2017,
1660,1660,1660,Ukraine,0.78,USD,Bread (rye),KG,10,2017,
1661,1661,1661,State of Palestine,1.05,USD,Bread,KG,5,2014,
1662,1662,1662,State of Palestine,1.05,USD,Bread,KG,6,2014,
1663,1663,1663,State of Palestine,1.05,USD,Bread,KG,7,2014,
1664,1664,1664,State of Palestine,1.05,USD,Bread,KG,8,2014,
1665,1665,1665,State of Palestine,1.05,USD,Bread,KG,9,2014,
1666,1666,1666,State of Palestine,1.04,USD,Bread,KG,10,2014,
1667,1667,1667,State of Palestine,1.04,USD,Bread,KG,11,2014,
1668,1668,1668,State of Palestine,1.04,USD,Bread,KG,12,2014,
1669,1669,1669,State of Palestine,1.04,USD,Bread,KG,1,2015,
1670,1670,1670,State of Palestine,1.05,USD,Bread,KG,2,2015,
1671,1671,1671,State of Palestine,1.05,USD,Bread,KG,3,2015,
1672,1672,1672,State of Palestine,1.05,USD,Bread,KG,4,2015,
1673,1673,1673,State of Palestine,1.05,USD,Bread,KG,5,2015,
1674,1674,1674,State of Palestine,1.05,USD,Bread,KG,6,2015,
1675,1675,1675,State of Palestine,1.03,USD,Bread,KG,7,2015,
1676,1676,1676,State of Palestine,1.04,USD,Bread,KG,8,2015,
1677,1677,1677,State of Palestine,1.05,USD,Bread,KG,9,2015,
1678,1678,1678,State of Palestine,1.05,USD,Bread,KG,10,2015,
1679,1679,1679,State of Palestine,1.04,USD,Bread,KG,11,2015,
1680,1680,1680,State of Palestine,1.04,USD,Bread,KG,12,2015,
1681,1681,1681,State of Palestine,1.04,USD,Bread,KG,1,2016,
1682,1682,1682,State of Palestine,1.04,USD,Bread,KG,2,2016,
1683,1683,1683,State of Palestine,1.04,USD,Bread,KG,3,2016,
1684,1684,1684,State of Palestine,1.02,USD,Bread,KG,4,2016,
1685,1685,1685,State of Palestine,1.04,USD,Bread,KG,5,2016,
1686,1686,1686,State of Palestine,1.05,USD,Bread,KG,6,2016,
1687,1687,1687,State of Palestine,1.03,USD,Bread,KG,7,2016,
1688,1688,1688,State of Palestine,1.01,USD,Bread,KG,8,2016,
1689,1689,1689,State of Palestine,1.01,USD,Bread,KG,9,2016,
1690,1690,1690,State of Palestine,1.01,USD,Bread,KG,10,2016,
1691,1691,1691,State of Palestine,1.01,USD,Bread,KG,11,2016,
1692,1692,1692,State of Palestine,1.01,USD,Bread,KG,12,2016,
1693,1693,1693,State of Palestine,0.97,USD,Bread,KG,1,2017,
1694,1694,1694,State of Palestine,0.98,USD,Bread,KG,2,2017,
1695,1695,1695,State of Palestine,0.93,USD,Bread,KG,3,2017,
1696,1696,1696,State of Palestine,0.93,USD,Bread,KG,4,2017,
1697,1697,1697,State of Palestine,0.93,USD,Bread,KG,5,2017,
1698,1698,1698,State of Palestine,0.93,USD,Bread,KG,6,2017,
1699,1699,1699,State of Palestine,0.93,USD,Bread,KG,7,2017,
1700,1700,1700,State of Palestine,0.98,USD,Bread,KG,8,2017,
1701,1701,1701,State of Palestine,0.94,USD,Bread,KG,9,2017,
1702,1702,1702,State of Palestine,0.96,USD,Bread,KG,10,2017,
